<?xml version="1.0" standalone="no" ?>
<manifest identifier="D98NmzMpWUSxeYkIhNGeoMNCA03u2INAGxF6fkYt" version="1.3"
  xmlns="http://www.imsglobal.org/xsd/imscp_v1p1"
  xmlns:xsi="http://www.w3.org/2001/XMLSchema-instance"
  xmlns:adlcp="http://www.adlnet.org/xsd/adlcp_v1p3"
  xmlns:adlseq="http://www.adlnet.org/xsd/adlseq_v1p3"
  xmlns:adlnav="http://www.adlnet.org/xsd/adlnav_v1p3"
  xmlns:imsss="http://www.imsglobal.org/xsd/imsss"
  xsi:schemaLocation="http://www.imsglobal.org/xsd/imscp_v1p1 imscp_v1p1.xsd
                      http://www.adlnet.org/xsd/adlcp_v1p3 adlcp_v1p3.xsd
                      http://www.adlnet.org/xsd/adlseq_v1p3 adlseq_v1p3.xsd
                      http://www.adlnet.org/xsd/adlnav_v1p3 adlnav_v1p3.xsd
                      http://www.imsglobal.org/xsd/imsss imsss_v1p0.xsd">
  <metadata>
    <schema>ADL SCORM</schema>
    <schemaversion>2004 4th Edition</schemaversion>
    <adlcp:location>metadata.xml</adlcp:location>
  </metadata>
  <organizations default="B0">
    <organization identifier="B0" adlseq:objectivesGlobalToSystem="false">
      <title>Core Manual 4: Pesticide Formulations</title>
      <item identifier="i1" identifierref="r1" isvisible="true">
        <title>Core Manual 4: Pesticide Formulations</title>
        <adlcp:dataFromLMS>eyJjcHYiOiJHeEY2ZmtZdCIsInJsZCI6ZmFsc2V9</adlcp:dataFromLMS>
        <imsss:sequencing>
          <imsss:deliveryControls tracked="true" completionSetByContent="true" objectiveSetByContent="true"/>
        </imsss:sequencing>
      </item>
      <metadata>
        <adlcp:location>metadata.xml</adlcp:location>
      </metadata>
      <imsss:sequencing>
        <imsss:controlMode choice="true" flow="true"/>
        <imsss:deliveryControls tracked="true" completionSetByContent="false" objectiveSetByContent="false"/>
      </imsss:sequencing>
    </organization>
  </organizations>
  <resources>
    <resource identifier="r1" type="webcontent" adlcp:scormType="sco" href="scormdriver/indexAPI.html">
      <!-- SCORMDRIVER STUFF -->
      <file href="scormdriver/indexAPI.html" />
      <file href="scormdriver/preloadIntegrity.js" />
      <file href="scormdriver/driverOptions.js" />
      <file href="scormdriver/AICCComm.html" />
      <file href="scormdriver/auto-scripts/AutoBookmark.js" />
      <file href="scormdriver/auto-scripts/AutoCompleteSCO.js" />
      <file href="scormdriver/auto-scripts/CourseExit.js" />
      <file href="scormdriver/blank.html" />
      <file href="scormdriver/goodbye.html" />
      <file href="scormdriver/scormdriver.js" />
      <file href="scormdriver/browsersniff.js" />
      <file href="scormcontent/lib/main.bundle.js"/>

      <!-- RUNTIME COMMON STUFF -->
      <file href="scormcontent/index.html" />

      
        <file href="scormcontent/lib/fonts/icomoon.ttf"/>
        <file href="scormcontent/lib/fonts/icomoon.woff"/>

        <file href="scormcontent/lib/icomoon.css"/>
        <file href="scormcontent/lib/main.bundle.css"/>
        <file href="scormcontent/lib/player-0.0.11.min.js"/>
        <file href="scormcontent/lib/lzwcompress.js"/>
      

      <!-- RUNTIME CONTENT STUFF -->
      <file href="scormcontent/lib/fonts/Lato-Light.woff" />
<file href="scormcontent/lib/fonts/Lato-Regular.woff" />
<file href="scormcontent/lib/fonts/Lato-Bold.woff" />
<file href="scormcontent/lib/fonts/Lato-Italic.woff" />
<file href="scormcontent/lib/fonts/Lato-Black.woff" />
<file href="scormcontent/lib/fonts/Merriweather-Light.woff" />
<file href="scormcontent/lib/fonts/Merriweather-Regular.woff" />
<file href="scormcontent/lib/fonts/Merriweather-Bold.woff" />
<file href="scormcontent/lib/fonts/Merriweather-Italic.woff" />
<file href="scormcontent/lib/fonts/Merriweather-Black.woff" />
<file href="scormcontent/assets/8UTa7j4XP7RPpaCn_small.png" />
<file href="scormcontent/assets/h19BaEdWA8w-hiKr_nUhQqSWM0snohVTe.jpg" />
<file href="scormcontent/assets/_JxXXDjH0c9k93Td_transcoded-UDMYz0hU6HP9yO4h-PI-Formulations-VO-01a-Welcome.mp3" />
<file href="scormcontent/assets/HPWDZup41fmqZqOG_transcoded-5S_ic5jExwFM45y_-PI-Formulations-VO-01b-LearningObjectives.mp3" />
<file href="scormcontent/assets/Mvceo1vFwNyylbsw_250sexVjkrn3ahwX.jpg" />
<file href="scormcontent/assets/-tuv8jq_17AbgJss_transcoded-Rit27UQQlqz63eXE-PI-Formulations-VO-04-WhatIsAFormulation.mp3" />
<file href="scormcontent/assets/ZyrRGSerwz9Sml5E_transcoded-2ReBXeM43jr3taX5-PI-Formulations-VO-05-ActiveInertIngredients.mp3" />
<file href="scormcontent/assets/wAxWxuSoa7r4juSn_rW9YaA20Hs07KrWk.jpg" />
<file href="scormcontent/assets/oK3eUdtyj5A92aRc_transcoded-9G_84CNzBfVulsmi-PI-Formulations-VO-06-FormulationChoices.mp3" />
<file href="scormcontent/assets/7SSJ7Ge1ly_V1eMd_SRqkcGgQhfUgyGr1.jpg" />
<file href="scormcontent/assets/Lpgp6Q849q1d5gHP_transcoded-9K0rG5Ee4LSxHi6e-PI-Formulations-VO-07-Solubility.mp3" />
<file href="scormcontent/assets/0fm8_8FtgC0Z0K-E__R3BaxKvHJB8FLDF.jpg" />
<file href="scormcontent/assets/k7LZyzLXcvNZwu5__XH7_YBvhQBT2SPSA.jpg" />
<file href="scormcontent/assets/8hmnNo31knPn8LW1_transcoded-dVfTulOwWXIndtmd-PI-Formulations-VO-08-TheThreeTypesOfFormulations.mp3" />
<file href="scormcontent/assets/UJ0tw69BgbxaYX0N_transcoded-nB9-ujdu9DIeJVcr-PI-Formulations-VO-12-Considerations.mp3" />
<file href="scormcontent/assets/XtOzeK4a_Z51IVul_transcoded-4cyX0SL6jhMkt_fm-PI-Formulations-VO-09-Solutions.mp3" />
<file href="scormcontent/assets/_gpLcF2sWa_8rWnj_DQvxbMwnnIlvR96J.jpg" />
<file href="scormcontent/assets/E9lDLYd8FQzE5mJg_transcoded-HkgnadExsJT8DCpK-PI-Formulations-VO-10-Suspensions.mp3" />
<file href="scormcontent/assets/b9U2mSDHYFoEWB4u_UFQG08abLmggwFEx.jpg" />
<file href="scormcontent/assets/8rhK4skx6bWZ9MqS_transcoded-Bv2bP-V_k6anxZG6-PI-Formulations-VO-11-Emulsion.mp3" />
<file href="scormcontent/assets/SZ3nu-0i6tKCRE10_BOZCocKPpsl6mpBB.jpg" />
<file href="scormcontent/assets/GwAKnp0OBGdAV0xa_mountains.jpg" />
<file href="scormcontent/assets/zbI3vMQ3f2bnAQve_RkkfI9qMW9Cs9iDW.jpg" />
<file href="scormcontent/assets/jwj0-HKim1FCF2hd_transcoded-FMXi1SUzmcQ07vim-PI-Formulations-VO-15-AdvantagesDisadvantages.mp3" />
<file href="scormcontent/assets/Io8zDBC1hDMswxru_transcoded-Cwr7cdlwSmGZC4ND-PI-Formulations-VO-16-CommonLiquidFormulations.mp3" />
<file href="scormcontent/assets/Ljc-E3ZLn2XwkD0S_transcoded-sNi1JaGvuxZBZBm2-PI-Formulations-VO-17-EmulsifiableConcentrates.mp3" />
<file href="scormcontent/assets/t2oKCIry9IBIwh81_TmOUhBbLaoXm9SI-.jpg" />
<file href="scormcontent/assets/eMc7o-z3xnkdrQUl_transcoded-FW_F_HKGP1GKE4pI-PI-Formulations-VO-18-ReadyTouse.mp3" />
<file href="scormcontent/assets/hKLRkPLk5-TqWneb_Sb88ciFdhIns2vTo.jpg" />
<file href="scormcontent/assets/LjPJDx8fUXae9kT4_transcoded-dJXSCg_l1R6dFXGm-PI-Formulations-VO-19-UltraLowVolume.mp3" />
<file href="scormcontent/assets/VZ5YWapHdvVLLeoP_Y5cPlWVKfj6P4tYK.jpg" />
<file href="scormcontent/assets/K2S7FEOibgGsMC1C_transcoded-ta5eU3ralnP5ku_r-PI-Formulations-VO-20-Flowables.mp3" />
<file href="scormcontent/assets/039pfU-_rEyimGs5_3lps0RsYJflrlJqZ.jpg" />
<file href="scormcontent/assets/sdgWIeN9-z-7rG5M_transcoded-vQQlZe3Z_Mcou7GR-PI-Formulations-VO-21-Aerosols.mp3" />
<file href="scormcontent/assets/wIRl5z10wMnPD9xj_6mOuyOTNyf8xqnYv.jpg" />
<file href="scormcontent/assets/z2D9p9ftnGaDZ3Ry_transcoded-hjgQ5dngvhIK78ko-PI-Formulations-VO-22-LiquidBaits.mp3" />
<file href="scormcontent/assets/wnQtjkD1DjcsY1Jf_7TLczf-3L_c7iPLX.jpg" />
<file href="scormcontent/assets/ryGcOk6VDxExaxSW_transcoded-mOjbcrw1y5QEytqK-PI-Formulations-VO-25-AdvantagesDisadvantages.mp3" />
<file href="scormcontent/assets/Vw262iWzLAwWEIfb_transcoded-S0kau8wH3be95YXd-PI-Formulations-VO-26-CommonDryFormulations.mp3" />
<file href="scormcontent/assets/iDpApewWxjoHwYCw_transcoded-8CNf8JT_OLTDgJYf-PI-Formulations-VO-27-Dusts.mp3" />
<file href="scormcontent/assets/NmOT8AzOK81J2VbV_oAS-TLrz2I7PlG3U.jpg" />
<file href="scormcontent/assets/qxv31lvGVNJd4btp_transcoded-NL0q-IL2zjU1zDuA-PI-Formulations-VO-28-DryBaits.mp3" />
<file href="scormcontent/assets/at8tmS4i5qsQciGA_UYX0r5VqN8gcxthm.jpg" />
<file href="scormcontent/assets/gelmkvoSjRB5QDlB_transcoded-cOU0yyxM2W1zQRUQ-PI-Formulations-VO-29-Granules.mp3" />
<file href="scormcontent/assets/6suCfSQh7Y2w7wGs_kobq2IXJh2X6Zio-.jpg" />
<file href="scormcontent/assets/YmfhYkdZ6-1V6KRo_transcoded-3FszmcV3nnB0ly23-PI-Formulations-VO-30-Pellets.mp3" />
<file href="scormcontent/assets/gqvVL3kCgxUq9kNb_Fyq628rT_SEPxcJx.jpg" />
<file href="scormcontent/assets/smyfkKKE6mG7dGXo_transcoded-exfeoQH5-NFQgEP4-PI-Formulations-VO-31-WettablePowders.mp3" />
<file href="scormcontent/assets/2ERrB-_5rFV3VuVW_Eb2sRVQG7B-5UTQL.jpg" />
<file href="scormcontent/assets/51zMsT1Xa5CoTaXF_transcoded-wiGm2vOEsX6socUE-PI-Formulations-VO-32-SolublePowders.mp3" />
<file href="scormcontent/assets/9voaoUbHPC2Fo9Q-_SakjTYEEDRidlDTp.jpg" />
<file href="scormcontent/assets/qu3XR1AFGaw08rsx_transcoded-QOdO352bwpRF4EY6-PI-Formulations-VO-33-WaterDispersibleGranules.mp3" />
<file href="scormcontent/assets/ErGe0QE9jbXgeCvi_Hxo3prLOHnQr9Pdx.jpg" />
<file href="scormcontent/assets/12jiAUdHfguVZmDU_transcoded-w-mohUppzHk3rOiM-PI-Formulations-VO-34-LabelInformation.mp3" />
<file href="scormcontent/assets/qXuinJFZ3PlYGPde_JUg7G51UjYLKbasq.png" />
<file href="scormcontent/assets/8IEsm2gsUw5O95Gf_UG5t4rLqTv7zrkAp.jpg" />
<file href="scormcontent/assets/9eickvxzNIx5SA0O_transcoded-jBT1gd1L5vSq1vRS-PI-Formulations-VO-35-CalculateAIDryFormulation.mp3" />
<file href="scormcontent/assets/BGcKVF7IFUsf6h-V_UNzYfPGWDwcLWz4l.png" />
<file href="scormcontent/assets/oI_HFMbe_knT-WCs_transcoded-eWG-9Up4JkFzKyAH-PI-Formulations-VO-36-CalculateAILiquidFormulation.mp3" />
<file href="scormcontent/assets/X2Jm9MkN-5qrodQX_xZNnZHcbqzFwzXmX.jpg" />
<file href="scormcontent/assets/vd2HkH023KJfqZDs_transcoded-pmNBPxTdUFdHtFvM-PI-Formulations-VO-37-AdditionalInformation.mp3" />
<file href="scormcontent/assets/z9GTWtsHkYO6HwhT_jPKDRTpFnghTE3_v.jpg" />
<file href="scormcontent/assets/aL5M9unmRqo5AzNx_transcoded-nuPvUUVkLqsTZcCS-PI-Formulations-VO-40-TankMixing.mp3" />
<file href="scormcontent/assets/GLyUHMjUFL9CQD9F_transcoded-nlgyYc0qYs-TFAyH-PI-Formulations-VO-41-WhyIncompatibilityHappens.mp3" />
<file href="scormcontent/assets/pDJC0XLEEyiJoLt8_XhbvCyGppG5rEqtw.jpg" />
<file href="scormcontent/assets/Mm8c5M4rYQBApuLU_transcoded-lXxgzAms5Blui4Wb-PI-Formulations-VO-42-JarTesting.mp3" />
<file href="scormcontent/assets/-jkxI1CIkUmtW6Cm_FXN1temBTR5iDcyk.jpg" />
<file href="scormcontent/assets/LGCHSBrtYpYiDia5_transcoded-N9Xf7SkGaBDQykEO-PI-Formulations-VO-43-Wales.mp3" />
<file href="scormcontent/assets/PcnOPv5dfN4dULUM_Uj8rHK63xJbD3g3q.jpg" />
<file href="scormcontent/assets/SgLTVIbNCXt2yauY_transcoded-B_abf6cygcK4_AJE-PI-Formulations-VO-48-DefiningAdjuvants.mp3" />
<file href="scormcontent/assets/xlmE3vUiv8R5aG03_transcoded-2HePLyOo-BuANkZz-PI-Formulations-VO-49-Surfactants.mp3" />
<file href="scormcontent/assets/2VoIMUysjqhmffSX_transcoded-49OYOXRF6bJ90xKe-PI-Formulations-VO-50-OtherTypesOfAdjuvants.mp3" />
<file href="scormcontent/assets/ByP1mKyFfzTn_zpM__S8bd7xmZAkjclMD.jpg" />
<file href="scormcontent/assets/CCYTml-CNDWN_yMR_transcoded-WCMN75vO2FkEMB08-PI-Formulations-VO-51-ChoosingAnAdjuvant.mp3" />
<file href="scormcontent/assets/xM8ypUjvp8GeQExe_transcoded-jVfhrXpM-e7kPPh1-PI-Formulations-VO-52-Congratulations.mp3" />
<file href="scormcontent/assets/MQT1-i6zthvYzwa2_tP9WfUTcDGa2X4PE.jpg" />

    </resource>
  </resources>
</manifest>
