<?xml version="1.0" standalone="no" ?>
<manifest identifier="PXouTEegcw8kwrxX7U8K0pBSnagogCNZq7Pv5ud5" version="1.3"
  xmlns="http://www.imsglobal.org/xsd/imscp_v1p1"
  xmlns:xsi="http://www.w3.org/2001/XMLSchema-instance"
  xmlns:adlcp="http://www.adlnet.org/xsd/adlcp_v1p3"
  xmlns:adlseq="http://www.adlnet.org/xsd/adlseq_v1p3"
  xmlns:adlnav="http://www.adlnet.org/xsd/adlnav_v1p3"
  xmlns:imsss="http://www.imsglobal.org/xsd/imsss"
  xsi:schemaLocation="http://www.imsglobal.org/xsd/imscp_v1p1 imscp_v1p1.xsd
                      http://www.adlnet.org/xsd/adlcp_v1p3 adlcp_v1p3.xsd
                      http://www.adlnet.org/xsd/adlseq_v1p3 adlseq_v1p3.xsd
                      http://www.adlnet.org/xsd/adlnav_v1p3 adlnav_v1p3.xsd
                      http://www.imsglobal.org/xsd/imsss imsss_v1p0.xsd">
  <metadata>
    <schema>ADL SCORM</schema>
    <schemaversion>2004 4th Edition</schemaversion>
    <adlcp:location>metadata.xml</adlcp:location>
  </metadata>
  <organizations default="B0">
    <organization identifier="B0" adlseq:objectivesGlobalToSystem="false">
      <title>Core Manual 7: Pesticides in the Environment</title>
      <item identifier="i1" identifierref="r1" isvisible="true">
        <title>Core Manual 7: Pesticides in the Environment</title>
        <adlcp:dataFromLMS>eyJjcHYiOiJxN1B2NXVkNSIsInJsZCI6ZmFsc2V9</adlcp:dataFromLMS>
        <imsss:sequencing>
          <imsss:deliveryControls tracked="true" completionSetByContent="true" objectiveSetByContent="true"/>
        </imsss:sequencing>
      </item>
      <metadata>
        <adlcp:location>metadata.xml</adlcp:location>
      </metadata>
      <imsss:sequencing>
        <imsss:controlMode choice="true" flow="true"/>
        <imsss:deliveryControls tracked="true" completionSetByContent="false" objectiveSetByContent="false"/>
      </imsss:sequencing>
    </organization>
  </organizations>
  <resources>
    <resource identifier="r1" type="webcontent" adlcp:scormType="sco" href="scormdriver/indexAPI.html">
      <!-- SCORMDRIVER STUFF -->
      <file href="scormdriver/indexAPI.html" />
      <file href="scormdriver/preloadIntegrity.js" />
      <file href="scormdriver/driverOptions.js" />
      <file href="scormdriver/AICCComm.html" />
      <file href="scormdriver/auto-scripts/AutoBookmark.js" />
      <file href="scormdriver/auto-scripts/AutoCompleteSCO.js" />
      <file href="scormdriver/auto-scripts/CourseExit.js" />
      <file href="scormdriver/blank.html" />
      <file href="scormdriver/goodbye.html" />
      <file href="scormdriver/scormdriver.js" />
      <file href="scormdriver/browsersniff.js" />
      <file href="scormcontent/lib/main.bundle.js"/>

      <!-- RUNTIME COMMON STUFF -->
      <file href="scormcontent/index.html" />

      
        <file href="scormcontent/lib/fonts/icomoon.ttf"/>
        <file href="scormcontent/lib/fonts/icomoon.woff"/>

        <file href="scormcontent/lib/icomoon.css"/>
        <file href="scormcontent/lib/main.bundle.css"/>
        <file href="scormcontent/lib/player-0.0.11.min.js"/>
        <file href="scormcontent/lib/lzwcompress.js"/>
      

      <!-- RUNTIME CONTENT STUFF -->
      <file href="scormcontent/lib/fonts/Lato-Light.woff" />
<file href="scormcontent/lib/fonts/Lato-Regular.woff" />
<file href="scormcontent/lib/fonts/Lato-Bold.woff" />
<file href="scormcontent/lib/fonts/Lato-Italic.woff" />
<file href="scormcontent/lib/fonts/Lato-Black.woff" />
<file href="scormcontent/lib/fonts/Merriweather-Light.woff" />
<file href="scormcontent/lib/fonts/Merriweather-Regular.woff" />
<file href="scormcontent/lib/fonts/Merriweather-Bold.woff" />
<file href="scormcontent/lib/fonts/Merriweather-Italic.woff" />
<file href="scormcontent/lib/fonts/Merriweather-Black.woff" />
<file href="scormcontent/assets/5s8ZhnE7FUoEMRM4_small.png" />
<file href="scormcontent/assets/33pbPpxGIUiYM9L1_P6p8tDVdwIkow6D0.jpg" />
<file href="scormcontent/assets/rGoHP7BfMrnAOloy_transcoded-LLU8OmdZlBZzkF4D-PI-Environment-VO-01a-Welcome.mp3" />
<file href="scormcontent/assets/3D7so2KlC5cRIa6Z_transcoded-u9bveG3ZM0DEwslJ-PI-Environment-VO-01b-LearningObjectives.mp3" />
<file href="scormcontent/assets/o0Ppe1dl1faBVUxE_ZDqaYx12V-DmoyI_.jpg" />
<file href="scormcontent/assets/njcK_3XLNjIu-Wmi_transcoded-IZ0JjK0R-Mw_TAza-PI-Environment-VO-04-TwoQuestions.mp3" />
<file href="scormcontent/assets/Xq3BYdAv3UskHW15_transcoded-MGKu_zi71FOQiFpT-PI-Environment-VO-05-EnvironmentalHazards.mp3" />
<file href="scormcontent/assets/OJhwDg5sy_ifLpyu_Hds4aBfrTH_vDNtx.jpg" />
<file href="scormcontent/assets/IFT9oAoXzjZ87krP_transcoded-zFwchKNOXTn5S7Ua-PI-Environment-VO-06-PesticdeCharacteristics.mp3" />
<file href="scormcontent/assets/S9hU-hqxDj5o2UW0_transcoded-FBdWl_QwEnSAaa-m-PI-Environment-VO-07-Solubility.mp3" />
<file href="scormcontent/assets/Y0BfP_Vw4MYDTQRW_8vCPhBeK8ejzVs4S.jpg" />
<file href="scormcontent/assets/unhO-kHUPckj7_dy_transcoded-r4LUX2NSX2e-jNiP-PI-Environment-VO-08-Adsorption.mp3" />
<file href="scormcontent/assets/7Rh_ODGp3TJMwab2_wCfegwGJHjBBUpw4.png" />
<file href="scormcontent/assets/wluV7a1boP2ag5iB_transcoded-u3-1Yijjlaqoze_t-PI-Environment-VO-09-Persistence.mp3" />
<file href="scormcontent/assets/lVRgC7fEybySvt2P_NFEF9VlHjqTxENrl.jpg" />
<file href="scormcontent/assets/nmGrGR6nOpwQEwSS_transcoded-GgUsFeVrn7Buwak0-PI-Environment-VO-10-Volatility.mp3" />
<file href="scormcontent/assets/MTchyJukymbj8FfK_mjpdZZsuvWjlvCiD.jpg" />
<file href="scormcontent/assets/XmLqDepo386A194b_mountains.jpg" />
<file href="scormcontent/assets/Hb3JU7vLgCQ4EPXA_SEZMjtPMstfO0oa8.jpg" />
<file href="scormcontent/assets/PGHaLDLjSq9rcPPV_transcoded-MywVjB2EvD1CV2go-PI-Environment-VO-16-HowPesticidesMoveInTheEnvironment.mp3" />
<file href="scormcontent/assets/NvDoKli1twTsxPBq_transcoded-Ujt4lQ_9zYzjVY5i-PI-Environment-VO-17-AirMovement.mp3" />
<file href="scormcontent/assets/ahI6cGaMVxx1S0Ed_N0Wz6U7DArElfLI0.jpg" />
<file href="scormcontent/assets/ZajTvpxZWZTbnrwb_transcoded-4bcmdzeABdKdUbOu-PI-Environment-VO-18-WaterMovement.mp3" />
<file href="scormcontent/assets/6QOinCSHDvcuFCtP_O_ab1mOVsTLw8Bfs.jpg" />
<file href="scormcontent/assets/8pHafgZfb0BwWrsU_transcoded-zgMfdyboeUL4Eyr1-PI-Environment-VO-19-MovementWithObjects.mp3" />
<file href="scormcontent/assets/e36V8_Gxg_Ss7rWZ__Wb5qVqGU6Ow4SKG.jpg" />
<file href="scormcontent/assets/9k9Yy6C5ojXBTA2e_aHUoyLwMSFjJkivI.jpg" />
<file href="scormcontent/assets/fkR9akWKpCCEcwUF_transcoded-_6XE2Y8oqbw4hDl_-PI-Environment-VO-26-DefiningDrift.mp3" />
<file href="scormcontent/assets/ZuiHNdAT-TC5t6XE_transcoded-9P8UtquqhHoHf_0U-PI-Environment-VO-27-TheThreeTypesOfDrift.mp3" />
<file href="scormcontent/assets/w3l0EoxQKazOLv-R_transcoded-_LWB7cgGE6OyGhBj-PI-Environment-VO-28-SprayDrift.mp3" />
<file href="scormcontent/assets/G5WFCNYxx3SxrxMG_IbSbChJuT84ytt5l.jpg" />
<file href="scormcontent/assets/4JT7jlKEN1u_aCra_transcoded-fGOazzZkFSHNbbcW-PI-Environment-VO-29-VaporDrift.mp3" />
<file href="scormcontent/assets/B806dSZV_XgTl3P6_tbN8xNCCP70hh_vN.jpg" />
<file href="scormcontent/assets/RKcrmZTgg099scVD_transcoded-5lY62MYB6_N_2ajQ-PI-Environment-VO-30-ParticleDrift.mp3" />
<file href="scormcontent/assets/A6Byb-DpkDdGh723_RSUCW5rQU5Y88Hr6.jpg" />
<file href="scormcontent/assets/5OnVamlWJFlHcPua_transcoded-Quj3plcT5stLUACz-PI-Environment-VO-31-ApplicatorResponsibility.mp3" />
<file href="scormcontent/assets/9AJkAgmDKLyfl2PH_PnpRNvtQcyfUrQbH.jpg" />
<file href="scormcontent/assets/ETXxs5GMtQQsf05K_transcoded-6ppeuk6UBZufc79l-PI-Environment-VO-36-ContaminationSources.mp3" />
<file href="scormcontent/assets/QLarZuJ9z2Gl9xJI_transcoded-mgz_Z4TUUVHuSIvp-PI-Environment-VO-37-SufraceWaterContamination.mp3" />
<file href="scormcontent/assets/tMTl9DgtVsFY_UJm_iGi4grhAb_yy3PVp.jpg" />
<file href="scormcontent/assets/kwOwBTpmX4s3CRBB_transcoded-AqmxH9ElzUbKLIsA-PI-Environment-VO-38-GroundwaterContamination.mp3" />
<file href="scormcontent/assets/xVL4wiNTVrQSfmim_3Xo2puYc82GmxB1p.jpg" />
<file href="scormcontent/assets/OqFepNEe02fTiVqE_transcoded-fPoJQe9PG8X992w8-PI-Environment-VO-39-SoilProperties.mp3" />
<file href="scormcontent/assets/0i5NNRr8xEVsduT__transcoded-82MEEgzYskHkzA_w-PI-Environment-VO-40-TextureStructure.mp3" />
<file href="scormcontent/assets/pO_d_X8eiUjhjTqK_nKvMagCd1dpRWmL9.jpg" />
<file href="scormcontent/assets/94wzF7sgjrdDMpX1_transcoded-YNOGh_RWQEO0N_id-PI-Environment-VO-41-OrganicMatter.mp3" />
<file href="scormcontent/assets/upFUN4-4112dimAL_dcINzMpja0YyJ2cZ.jpg" />
<file href="scormcontent/assets/yca1TNFyW81k8Dzd_transcoded-y2xxSvZZIdSAZkFN-PI-Environment-VO-42-DepthOfGroundwater-Edit.mp3" />
<file href="scormcontent/assets/YWrVRdYh1QZ0vAZ6_Ux3mIICMSx57sCK3.jpg" />
<file href="scormcontent/assets/o9vnu5M4mc62gR2h_transcoded-fJ_FwPV928MeTPJW-PI-Environment-VO-43-Geology.mp3" />
<file href="scormcontent/assets/hLSyJ9tYsrZRSh0T_sNSs1L6FucvsASE3.jpg" />
<file href="scormcontent/assets/4J76YVF8An8hzdhS_transcoded-8Fr6V6vVw-mLpsBX-PI-Environment-VO-44-ReducingTheRisk.mp3" />
<file href="scormcontent/assets/v7fYi1hasBkfcgow_2ckkufjug3TSH4kK.jpg" />
<file href="scormcontent/assets/5CsAaCIL-aB02qsS_transcoded-T3uLzFM3FNjkRPAI-PI-Environment-VO-45-AdditionalConsiderations.mp3" />
<file href="scormcontent/assets/d0_w7QBUR08IJ5D5_urTCHa8kIMdO-yd2.jpg" />
<file href="scormcontent/assets/KSUqDVJM7flD3rjJ_transcoded-sO6b0nPbMbymM0c6-PI-Environment-VO-47-IdentifyingNonTargets.mp3" />
<file href="scormcontent/assets/4d44HsR-ATqL5a9T_transcoded-doE-5SkFHME2vQFd-PI-Environment-VO-48-SensitiveAreas.mp3" />
<file href="scormcontent/assets/TE0_2D4LV_BX4skp_Xm-xzzw_jQ6VE6ug.jpg" />
<file href="scormcontent/assets/5GNu9l8Y_Y2OjCWm_transcoded-tGQG8LYVDckCeUQJ-PI-Environment-VO-49-Phytotoxicity.mp3" />
<file href="scormcontent/assets/JluzvgWDarpmpNky_NBlVGydp8jnKGSHe.jpg" />
<file href="scormcontent/assets/IFM2P4dYLAB2KEbE_transcoded-NZy4uloPtMNU2KaS-PI-Environment-VO-50-PollinatorsBeneficials.mp3" />
<file href="scormcontent/assets/ZKjMSUro91RuG2nI_v1PLkt680QqEl7j4.jpg" />
<file href="scormcontent/assets/hZQQxoDBYvLhlKvJ_transcoded-ykUKcdYIvcLeNt24-PI-Environment-VO-51-WildlifeSensitivity.mp3" />
<file href="scormcontent/assets/qQCeOoZbRHW40Vi1_3vdVtT4uJIvgTOny.jpg" />
<file href="scormcontent/assets/jl8HC2iiTEDPEMta_jpMt6_CPMNaFVDZP.jpg" />
<file href="scormcontent/assets/2mgc1jGNqQiVjt0C_transcoded-9lbUXvwV6s6LAMbQ-PI-Environment-VO-52-EndangeredSpeciesProtection.mp3" />
<file href="scormcontent/assets/buj_pilm-0B29Rl7_O9NrPzdpMgOu-OoF.jpg" />
<file href="scormcontent/assets/N-lAXCZygIVDT46-_transcoded-1Cd2RQaeNamhUfrD-PI-Environment-VO-53-Congrats.mp3" />
<file href="scormcontent/assets/9p-5Jemj1DeLCR0-_GNTHQeO2kFZnLkY5.jpg" />

    </resource>
  </resources>
</manifest>
