<?xml version="1.0" standalone="no" ?>
<manifest identifier="JKfHW6sR7X-_vi8VwUtxieis6sGdvQaK1qQk_IFc" version="1.3"
  xmlns="http://www.imsglobal.org/xsd/imscp_v1p1"
  xmlns:xsi="http://www.w3.org/2001/XMLSchema-instance"
  xmlns:adlcp="http://www.adlnet.org/xsd/adlcp_v1p3"
  xmlns:adlseq="http://www.adlnet.org/xsd/adlseq_v1p3"
  xmlns:adlnav="http://www.adlnet.org/xsd/adlnav_v1p3"
  xmlns:imsss="http://www.imsglobal.org/xsd/imsss"
  xsi:schemaLocation="http://www.imsglobal.org/xsd/imscp_v1p1 imscp_v1p1.xsd
                      http://www.adlnet.org/xsd/adlcp_v1p3 adlcp_v1p3.xsd
                      http://www.adlnet.org/xsd/adlseq_v1p3 adlseq_v1p3.xsd
                      http://www.adlnet.org/xsd/adlnav_v1p3 adlnav_v1p3.xsd
                      http://www.imsglobal.org/xsd/imsss imsss_v1p0.xsd">
  <metadata>
    <schema>ADL SCORM</schema>
    <schemaversion>2004 4th Edition</schemaversion>
    <adlcp:location>metadata.xml</adlcp:location>
  </metadata>
  <organizations default="B0">
    <organization identifier="B0" adlseq:objectivesGlobalToSystem="false">
      <title>Core Manual 3: Pesticide Labels</title>
      <item identifier="i1" identifierref="r1" isvisible="true">
        <title>Core Manual 3: Pesticide Labels</title>
        <adlcp:dataFromLMS>eyJjcHYiOiIxcVFrX0lGYyIsInJsZCI6ZmFsc2V9</adlcp:dataFromLMS>
        <imsss:sequencing>
          <imsss:deliveryControls tracked="true" completionSetByContent="true" objectiveSetByContent="true"/>
        </imsss:sequencing>
      </item>
      <metadata>
        <adlcp:location>metadata.xml</adlcp:location>
      </metadata>
      <imsss:sequencing>
        <imsss:controlMode choice="true" flow="true"/>
        <imsss:deliveryControls tracked="true" completionSetByContent="false" objectiveSetByContent="false"/>
      </imsss:sequencing>
    </organization>
  </organizations>
  <resources>
    <resource identifier="r1" type="webcontent" adlcp:scormType="sco" href="scormdriver/indexAPI.html">
      <!-- SCORMDRIVER STUFF -->
      <file href="scormdriver/indexAPI.html" />
      <file href="scormdriver/preloadIntegrity.js" />
      <file href="scormdriver/driverOptions.js" />
      <file href="scormdriver/AICCComm.html" />
      <file href="scormdriver/auto-scripts/AutoBookmark.js" />
      <file href="scormdriver/auto-scripts/AutoCompleteSCO.js" />
      <file href="scormdriver/auto-scripts/CourseExit.js" />
      <file href="scormdriver/blank.html" />
      <file href="scormdriver/goodbye.html" />
      <file href="scormdriver/scormdriver.js" />
      <file href="scormdriver/browsersniff.js" />
      <file href="scormcontent/lib/main.bundle.js"/>

      <!-- RUNTIME COMMON STUFF -->
      <file href="scormcontent/index.html" />

      
        <file href="scormcontent/lib/fonts/icomoon.ttf"/>
        <file href="scormcontent/lib/fonts/icomoon.woff"/>

        <file href="scormcontent/lib/icomoon.css"/>
        <file href="scormcontent/lib/main.bundle.css"/>
        <file href="scormcontent/lib/player-0.0.11.min.js"/>
        <file href="scormcontent/lib/lzwcompress.js"/>
      

      <!-- RUNTIME CONTENT STUFF -->
      <file href="scormcontent/lib/fonts/Lato-Light.woff" />
<file href="scormcontent/lib/fonts/Lato-Regular.woff" />
<file href="scormcontent/lib/fonts/Lato-Bold.woff" />
<file href="scormcontent/lib/fonts/Lato-Italic.woff" />
<file href="scormcontent/lib/fonts/Lato-Black.woff" />
<file href="scormcontent/lib/fonts/Merriweather-Light.woff" />
<file href="scormcontent/lib/fonts/Merriweather-Regular.woff" />
<file href="scormcontent/lib/fonts/Merriweather-Bold.woff" />
<file href="scormcontent/lib/fonts/Merriweather-Italic.woff" />
<file href="scormcontent/lib/fonts/Merriweather-Black.woff" />
<file href="scormcontent/assets/RcjNccF4CUFLNMCk_small.png" />
<file href="scormcontent/assets/MxM6Kbn1SjkTSf15_EUNAxlgID50Rt_WS.jpg" />
<file href="scormcontent/assets/kHoDYXQyW430GU5T_transcoded-oUxEf780vhdVRq-F-PI-Labels-VO-1-PesticideLabels-Rise.mp3" />
<file href="scormcontent/assets/ivVx3NoGt5tfGR66_transcoded-KXLl3qdsJj2DkxA3-PI-Labels-VO-2-AfterYouComplete.mp3" />
<file href="scormcontent/assets/BkeFgruGw3qHmZxW_Sw0z6bADR1a9OTqj.jpg" />
<file href="scormcontent/assets/7_OBpR1rV_nATyx__transcoded-TnCPZfxpmXkwVV8u-PI-Labels-VO-3-InAgriculture.mp3" />
<file href="scormcontent/assets/ijadvFanGbzcDAIl_transcoded-AyKYNs1JFu_QVhVX-PI-Labels-VO-4-EvenBeforeTheProduct.mp3" />
<file href="scormcontent/assets/Nhb0EyaL2UK2zs9q_-JHghXGB0Q0MDdrL.jpg" />
<file href="scormcontent/assets/F8bU8UC3Rot3_kaW_transcoded-3kBMtQL6CF-XY3lZ-PI-Labels-VO-5-AsMentoinedEarlier.mp3" />
<file href="scormcontent/assets/pMPeOoiILDYlc7lP_ylrYTDmU1auGnkuI.jpg" />
<file href="scormcontent/assets/9NhVF1rKUU3Fq2Vs_4DUfn9PhAsc43KJ8.jpg" />
<file href="scormcontent/assets/u_v49p7w71H9Tzik_transcoded-Oh5CP3syyrhajcQb-PI-Labels-VO-6-ToxicityAndToxicological.mp3" />
<file href="scormcontent/assets/KEed-_g235yxNyfY_transcoded-ns7R86VawW5KDuzy-PI-Labels-VO-7-DegradationAndMobility.mp3" />
<file href="scormcontent/assets/TnvaiC37SJoq1aFt_YLGt9Puhb7DZFKcX.jpg" />
<file href="scormcontent/assets/9qdp2HdkusppCKrg_8bKsQ8WoMb3JCmeE.jpg" />
<file href="scormcontent/assets/ewTKPSOLb0_Aa66S_oIelgngipMF7Cj8i.jpg" />
<file href="scormcontent/assets/UkmNrQ57BhUvPj6c_transcoded-k305PSmT17QqHXZm-PI-Labels-VO-8-OurSecondLearning.mp3" />
<file href="scormcontent/assets/kipX53UjAsFQxtE9_transcoded-rYg_oAbnmO8uWsO9-PI-Labels-VO-9-TheMostCommon-2.mp3" />
<file href="scormcontent/assets/VBsuFGb6M1iBxwbc_cCsk0awvIcR7VNDZ.jpg" />
<file href="scormcontent/assets/1nvXa-hodzkstUOn_QG2kG3dCyA2Efoci.jpg" />
<file href="scormcontent/assets/oRXlC4cognd8Tx0U_transcoded-s1eRoMiF66w1GFcX-PI-Labels-VO-10-UnerFIFRA.mp3" />
<file href="scormcontent/assets/94ZT_Ziz647YP-MZ_FYT2ChBviq9cFdvK.jpg" />
<file href="scormcontent/assets/Rno4gh5yvG-zYfxi_transcoded-mD0-c2llP12xk2GK-PI-Labels-VO-11-Section18OfFIFRA.mp3" />
<file href="scormcontent/assets/9pK4eqW6e5BVdQSe_DZSUgCrWZsGhdQB2.jpg" />
<file href="scormcontent/assets/ZdfQEUp5i6_S3R28_transcoded-0JatoQSl0Y3SUqPR-PI-Labels-VO-12-Section25B.mp3" />
<file href="scormcontent/assets/IFjfiTu_EGI3_9pC_hhxn0I3HtoqoNSUC.jpg" />
<file href="scormcontent/assets/i5EkdL6WGi9Z0NmB_transcoded-7polYi6bjeINtjyp-PI-Labels-VO-13-TheImportanceOf.mp3" />
<file href="scormcontent/assets/Jca00FdW3Nc44fEx_transcoded-tyDCxPbCTbWHy0ZW-PI-Labels-VO-14-AsThePesticideUser.mp3" />
<file href="scormcontent/assets/-oZ4gRy6dw-2Hy6e_LCb8ZFyPjiIAc4qB.jpg" />
<file href="scormcontent/assets/KiO1Bq-BHk5TAGg4_transcoded-yyHUP0VTUrlYQesQ-PI-Labels-VO-15-TheCodeofFederalRegulations.mp3" />
<file href="scormcontent/assets/VzW50v9_BOiZvoE7_transcoded-vXqEMSin76Y2UAMG-PI-Labels-VO-16-Hotspots.mp3" />
<file href="scormcontent/assets/coINiJY6M2MId8pB_FKd6RYEw-rYlxFay.jpg" />
<file href="scormcontent/assets/JLOtEzlMrjQDrc70_transcoded-edeLv51AvG-gQcAR-PI-Labels-VO-16-TradeNames.mp3" />
<file href="scormcontent/assets/BSQqBQCwdLga1f_C_transcoded-N8k4qR6A7EQW6pMZ-PI-Labels-VO-18-ActiveIngredient.mp3" />
<file href="scormcontent/assets/UUlmKPdJUbMZTHPP_transcoded-Du_Q_LZ70yWihBR--PI-Labels-VO-25-PrecautionaryStatements.mp3" />
<file href="scormcontent/assets/kHrFrTqSIFTJuib0_transcoded-CaZm_nBzZDQFOY_P-PI-Labels-VO-29-FirstAidStatements.mp3" />
<file href="scormcontent/assets/-ANF3wFwNbIYNi4u_transcoded-mHwSahHgybcnk483-PI-Labels-VO-35-StorageDisposal.mp3" />
<file href="scormcontent/assets/SKvxXH-I4SWrTjPL_transcoded-dSxKGcNTO5TXbtQ7-PI-Labels-VO-36-DirectionsForUse.mp3" />
<file href="scormcontent/assets/I9u900Nc3xWm5N-u_transcoded-Rv8-kzPup1oTcajH-PI-Labels-VO-20-PesticideStatement.mp3" />
<file href="scormcontent/assets/6T5-6a56MgZTe7Cc_transcoded-JWLUc8zxqxHuRiJE-PI-Labels-VO-22-ContactInformation.mp3" />
<file href="scormcontent/assets/ZxuPURXNHY1awcnp_transcoded-4pss0bt5eUR7RFD3-PI-Labels-VO-21-AmountOfProduct.mp3" />
<file href="scormcontent/assets/vdg6fJ62fghVchDG_xKgS167nNbPrCh4c.jpg" />
<file href="scormcontent/assets/qrFeSTXMl_oV4yjL_transcoded-BvlgQ_QcmTlTOhsQ-PI-Labels-VO-26-SpecificActionStatements.mp3" />
<file href="scormcontent/assets/jHZhA4WtZLdYdlvi_transcoded-vnXUIM5DYCfQMOeY-PI-Labels-VO-28-OtherPrecautionaryStatements.mp3" />
<file href="scormcontent/assets/Up8Lvk0LA1UmTkf8_transcoded-WFDlKJ3ktTAWRMwf-PI-Labels-VO-27-ProtectiveClothingEquipment.mp3" />
<file href="scormcontent/assets/twX3K_onp3a0JNAE_transcoded-Z4eNRWWwSNMYuJ-9-PI-Labels-VO-30-EnvironmentalHazards.mp3" />
<file href="scormcontent/assets/Cvbj93-N7ujM3DA__transcoded-rq2zsA9TSy83UQ1e-PI-Labels-VO-31-GeneralEnvironmentalStatements.mp3" />
<file href="scormcontent/assets/6kak3LdDczex6nAv_transcoded-v82yxzdzK60tcyYr-PI-Labels-VO-33-AgriculturalUseRequirements.mp3" />
<file href="scormcontent/assets/qPJrc07UcrT_w2FW_transcoded-Gnm9fe51HHpPNf-b-PI-Labels-VO-37-Rise.mp3" />
<file href="scormcontent/assets/NVB2SoJLjcziAyMN_transcoded-j08sWf7otY6Pr8-g-PI-Labels-VO-17-CommonName.mp3" />
<file href="scormcontent/assets/cmqo40Uu4izO1Y6m_fonULwmBDwtxPRlU.jpg" />
<file href="scormcontent/assets/z6_P2k_LHl59TFYr_transcoded-byCtDo8kM1wKqqmc-PI-Labels-VO-19-RestrictedUse.mp3" />
<file href="scormcontent/assets/FKdD1_VzmFAmC67O_gfDAoj938Wxc6AHn.jpg" />
<file href="scormcontent/assets/au42tNcAm_V7gP3P_transcoded-lMUvHj0uLeGsZPUA-PI-Labels-VO-23-EPAregistrationNumber.mp3" />
<file href="scormcontent/assets/dCDeG6LeRoL2UafI_88Y_2D52sq8GQW1G.png" />
<file href="scormcontent/assets/CRq6ViAncLFl0X42_transcoded-6FSueM2sDfokeLp4-PI-Labels-VO-24-EPAestablishmentNumber.mp3" />
<file href="scormcontent/assets/4flOtUlnlliq3WxM_wE58gkRmLoUtYxzT.png" />
<file href="scormcontent/assets/Z1sEe-h-rCXW5qeo_transcoded-Vco0VHeXSWTHwQ0o-PI-Labels-VO-32-PhysicalOrChemicalHazards.mp3" />
<file href="scormcontent/assets/MNchR2uDrO4i5G15_5b2j7xJdxNaugxcr.jpg" />
<file href="scormcontent/assets/ENL5sw3BjwEcD-LE_transcoded-IV7nYCWnlKcsu3P7-PI-Labels-VO-34-RestrictedEntryIntervals.mp3" />
<file href="scormcontent/assets/W_rLHMfQNZDMlzKH_9D804P8xkKVr_jZI.jpg" />
<file href="scormcontent/assets/FQEAIdmBzvGqPMWM_transcoded-1T5r_gSGn0TxAPkV-PI-Labels-VO-37-Rise-All%20Tabs-2.mp3" />
<file href="scormcontent/assets/lzlXYc5pfJD3eb37_MjnnM3uAf6cWYyqW.jpg" />
<file href="scormcontent/assets/Vs_u2vQEleRjUNjr_v8y_ivQTwGEdSxd0.jpg" />
<file href="scormcontent/assets/5pQLc4nmcylvIKKL__nzmTEP_58AH7Uur.jpg" />
<file href="scormcontent/assets/g-6xSwaN0sZZEPkF_2Wm7viX6qCm_weuA.jpg" />
<file href="scormcontent/assets/nPdNKbzs3GN9hD_i_fkT1BxTsNXk_oIDG.jpg" />
<file href="scormcontent/assets/oBmFXnjkt77l6Zuk_transcoded-IYP3alOMQPAJJbES-PI-Labels-VO-42-PesticideLabelsContain.mp3" />
<file href="scormcontent/assets/5qu0CZ0mLdG9CM63_transcoded-9CUMvS5MTzXvGYgQ-PI-Labels-VO-43-IfThePesticideLabel.mp3" />
<file href="scormcontent/assets/kuw9j_ggre6QlYIu_BbvkWWhz66gCfXH9.jpg" />
<file href="scormcontent/assets/gD0IXa5elqxxV3LM_transcoded-48_ZkwNypYVNTSHw-PI-Labels-VO-44-WhileDigitalPesticideLabels.mp3" />
<file href="scormcontent/assets/fAEUj9pYWsxm7QZ__IQ1Yfg8A2Yi5aCp2.jpg" />
<file href="scormcontent/assets/BXYXVoDJYLyuTc1p_transcoded-uAVeeFe9dLr-bJOT-PI-Labels-VO-45-Accordion-Rise.mp3" />
<file href="scormcontent/assets/83d7sMffE3HTUcrp_transcoded-UGa6n9h4ltMMXTbu-PI-Labels-VO-48-BeforeYouStore.mp3" />
<file href="scormcontent/assets/6N5LGCokzVbe9psu_uFXYGcHMsKXT5jCq.jpg" />
<file href="scormcontent/assets/5b-vvVNXsqxkleum_ojZVAO6kAaNHadr4.jpg" />
<file href="scormcontent/assets/38ZJS5Y-WcHKQo8y_transcoded-ahM5W8aPbIR6XNsE-PI-Labels-VO-49-SeriousUnintentionalPesticide.mp3" />
<file href="scormcontent/assets/cvVsLXuwTk02lJPD_xvDXoksN084vfBB1.jpg" />
<file href="scormcontent/assets/4cu_zBLnw4xp8HEB_521P6N52uh8KwecS.jpg" />
<file href="scormcontent/assets/oMb9P76mOThvNNi1_transcoded-e7KrG4evwlyB9mjY-PI-Labels-VO-50-FormerlyKnown.mp3" />
<file href="scormcontent/assets/eJm1gto_9h7qM3Fj_transcoded-idRby3L0-K3Paz_2-PI-Labels-VO-51-PesticideLabelsAreDesigned.mp3" />
<file href="scormcontent/assets/cgEuvbXW3ggaIlbv_rIoJfleUqvivyWBn.jpg" />
<file href="scormcontent/assets/Gi14oFr-XqE023Ci_transcoded-X1f7q2DNO71LpUcG-PI-Labels-VO-52-SDSnaming.mp3" />
<file href="scormcontent/assets/nU_WGpN3S9fch4CT_ix1rBSln-iPbzPOK.png" />
<file href="scormcontent/assets/ND-YN7GyGZ9wT5g2_transcoded-UYRLOw9sDT0bUAgJ-PI-Labels-VO-53-Conclusion-Rise.mp3" />
<file href="scormcontent/assets/NZkTODiLT94jsjIb_FfoRQWsijPPNVGLJ.jpg" />

    </resource>
  </resources>
</manifest>
