<?xml version="1.0" standalone="no" ?>
<manifest identifier="C65MhxM1w49cmN28asXq1_AcIxs-KDtJN-v8Q5ZK" version="1.3"
  xmlns="http://www.imsglobal.org/xsd/imscp_v1p1"
  xmlns:xsi="http://www.w3.org/2001/XMLSchema-instance"
  xmlns:adlcp="http://www.adlnet.org/xsd/adlcp_v1p3"
  xmlns:adlseq="http://www.adlnet.org/xsd/adlseq_v1p3"
  xmlns:adlnav="http://www.adlnet.org/xsd/adlnav_v1p3"
  xmlns:imsss="http://www.imsglobal.org/xsd/imsss"
  xsi:schemaLocation="http://www.imsglobal.org/xsd/imscp_v1p1 imscp_v1p1.xsd
                      http://www.adlnet.org/xsd/adlcp_v1p3 adlcp_v1p3.xsd
                      http://www.adlnet.org/xsd/adlseq_v1p3 adlseq_v1p3.xsd
                      http://www.adlnet.org/xsd/adlnav_v1p3 adlnav_v1p3.xsd
                      http://www.imsglobal.org/xsd/imsss imsss_v1p0.xsd">
  <metadata>
    <schema>ADL SCORM</schema>
    <schemaversion>2004 4th Edition</schemaversion>
    <adlcp:location>metadata.xml</adlcp:location>
  </metadata>
  <organizations default="B0">
    <organization identifier="B0" adlseq:objectivesGlobalToSystem="false">
      <title>Core Manual 2: Pesticide Laws &amp; Regulations</title>
      <item identifier="i1" identifierref="r1" isvisible="true">
        <title>Core Manual 2: Pesticide Laws &amp; Regulations</title>
        <adlcp:dataFromLMS>eyJjcHYiOiJOLXY4UTVaSyIsInJsZCI6ZmFsc2V9</adlcp:dataFromLMS>
        <imsss:sequencing>
          <imsss:deliveryControls tracked="true" completionSetByContent="true" objectiveSetByContent="true"/>
        </imsss:sequencing>
      </item>
      <metadata>
        <adlcp:location>metadata.xml</adlcp:location>
      </metadata>
      <imsss:sequencing>
        <imsss:controlMode choice="true" flow="true"/>
        <imsss:deliveryControls tracked="true" completionSetByContent="false" objectiveSetByContent="false"/>
      </imsss:sequencing>
    </organization>
  </organizations>
  <resources>
    <resource identifier="r1" type="webcontent" adlcp:scormType="sco" href="scormdriver/indexAPI.html">
      <!-- SCORMDRIVER STUFF -->
      <file href="scormdriver/indexAPI.html" />
      <file href="scormdriver/preloadIntegrity.js" />
      <file href="scormdriver/driverOptions.js" />
      <file href="scormdriver/AICCComm.html" />
      <file href="scormdriver/auto-scripts/AutoBookmark.js" />
      <file href="scormdriver/auto-scripts/AutoCompleteSCO.js" />
      <file href="scormdriver/auto-scripts/CourseExit.js" />
      <file href="scormdriver/blank.html" />
      <file href="scormdriver/goodbye.html" />
      <file href="scormdriver/scormdriver.js" />
      <file href="scormdriver/browsersniff.js" />
      <file href="scormcontent/lib/main.bundle.js"/>

      <!-- RUNTIME COMMON STUFF -->
      <file href="scormcontent/index.html" />

      
        <file href="scormcontent/lib/fonts/icomoon.ttf"/>
        <file href="scormcontent/lib/fonts/icomoon.woff"/>

        <file href="scormcontent/lib/icomoon.css"/>
        <file href="scormcontent/lib/main.bundle.css"/>
        <file href="scormcontent/lib/player-0.0.11.min.js"/>
        <file href="scormcontent/lib/lzwcompress.js"/>
      

      <!-- RUNTIME CONTENT STUFF -->
      <file href="scormcontent/lib/fonts/Lato-Light.woff" />
<file href="scormcontent/lib/fonts/Lato-Regular.woff" />
<file href="scormcontent/lib/fonts/Lato-Bold.woff" />
<file href="scormcontent/lib/fonts/Lato-Italic.woff" />
<file href="scormcontent/lib/fonts/Lato-Black.woff" />
<file href="scormcontent/lib/fonts/Merriweather-Light.woff" />
<file href="scormcontent/lib/fonts/Merriweather-Regular.woff" />
<file href="scormcontent/lib/fonts/Merriweather-Bold.woff" />
<file href="scormcontent/lib/fonts/Merriweather-Italic.woff" />
<file href="scormcontent/lib/fonts/Merriweather-Black.woff" />
<file href="scormcontent/assets/3JaVZm897XMmJbRl_small.png" />
<file href="scormcontent/assets/lAgqIjyeoyd_hN2__ux81fjfp4SRCzk-s.jpg" />
<file href="scormcontent/assets/YC3K8bzNlU5q_B-l_transcoded-kEHGuVpMYlXRoLmk-PI-9-LawsRegs-01a-Welcome.mp3" />
<file href="scormcontent/assets/X0e6vvNiUiIUZL--_transcoded-OUCr6NgRkHQg6_iu-PI-9-LawsRegs-01b-LearningObjectives.mp3" />
<file href="scormcontent/assets/WU0W_K_hDQWGF1ys_V5ZuBdS3Gb_oL5dG.jpg" />
<file href="scormcontent/assets/0ViaK7l0t9MyDuRv_transcoded-iUVMyCwOCqEEe0U_-PI-9-LawsRegs-02-UsingPesticideProducts.mp3" />
<file href="scormcontent/assets/2HU8G4jozYHhyCdd_transcoded-lCBA6t3HBPBybJrn-PI-9-LawsRegs-03-WhatIsFIFRA.mp3" />
<file href="scormcontent/assets/bZ6ZKiQTGhXUMAqP_transcoded-XQUUbuMJjDPi2NNP-PI-9-LawsRegs-04-ProductRegistration.mp3" />
<file href="scormcontent/assets/rtuFUGFGk3-xhjvf_CmwVpgL2fRkIwRyC.jpg" />
<file href="scormcontent/assets/3Ypva7AudOD27R7N_transcoded-N5D93t22rKubMRTn-PI-9-LawsRegs-05-Section2ee.mp3" />
<file href="scormcontent/assets/NsejDnhXhVLXl8E5_E7eGerIzHT_994hy.jpg" />
<file href="scormcontent/assets/nSMr5ZJykFQmLCQ-_transcoded-fxRZHHOUwCfm056n-PI-9-LawsRegs-06-FIFRAcompliance.mp3" />
<file href="scormcontent/assets/XXMfwCJyuxNUh9od_transcoded-bVN9siwNLqUVwsu8-PI-9-LawsRegs-07-Unclassified.mp3" />
<file href="scormcontent/assets/d6BxbZqhgYS_ZLg7_nL4LH5FvaHhCfxdh.jpg" />
<file href="scormcontent/assets/zq8HtYwC5sOTINSP_transcoded-FAZGLSIfY-Enu1W0-PI-9-LawsRegs-08-RestrcitedUse.mp3" />
<file href="scormcontent/assets/sZA7cpyrhjVi_3ua_RzoSlzi37oq7IsQ5.jpg" />
<file href="scormcontent/assets/5Ucr4Lrbne5UEaee_transcoded-utKkXcj7CFOeiNW6-PI-9-LawsRegs-09-SameIngredientDifferentLabels.mp3" />
<file href="scormcontent/assets/Db4F3dcPsyvGmjhV_2ZaE7Vj9gJT7M9gd.jpg" />
<file href="scormcontent/assets/uWYvwGWooWE2_J6b_Ar8TLYkJNWvHSDqG.jpg" />
<file href="scormcontent/assets/OlGZ9MSwKKgphTeU_transcoded-7MP_4TGkvEv787Bo-PI-9-LawsRegs-10-CertifiedApplicatorsRUPs.mp3" />
<file href="scormcontent/assets/lUAzYEAk5XkZciCd_14AbaGIbf3ubhSqy.jpg" />
<file href="scormcontent/assets/sIXwYxQmRcOqxZTY_HIBz6Dp98l3D2EK5.jpg" />
<file href="scormcontent/assets/R17WMsEWpGiL3X_n_transcoded-zCKupy_sHn9U69An-PI-9-LawsRegs-11-PesticideClassification.mp3" />
<file href="scormcontent/assets/cpawujKLkgsHB6jm_transcoded-OFDYxH7v9kZ81ffw-PI-9-LawsRegs-12-ProductRegistration.mp3" />
<file href="scormcontent/assets/sTjwqQ4fUddfWswg_5F_0NhzTtV1w7mVr.jpg" />
<file href="scormcontent/assets/vNrbNSSNfMfNNt4F_transcoded-dEqo9FlqQkg5otOw-PI-9-LawsRegs-13-FIFRAexemptions.mp3" />
<file href="scormcontent/assets/pxC6yECGpLNZ-0yu_transcoded-ZyoyGedz8WDB3b8m-PI-9-LawsRegs-15-RegulatingDevices.mp3" />
<file href="scormcontent/assets/JeGkNT8ED7vc89kQ_sRXsOUOSG5FRwbzb.jpg" />
<file href="scormcontent/assets/llAty_mCsZTOVn0g_nAHdjBB3-JrKkqXI.jpg" />
<file href="scormcontent/assets/kCUFIyYTXFyxunS4_OcnbZOTfKleawJid.jpg" />
<file href="scormcontent/assets/ozhCuuMQGExRcuxl_transcoded-ZDItYMjQr1-5aORk-PI-9-LawsRegs-16-ToleranceLevels.mp3" />
<file href="scormcontent/assets/wMw6NxUHiYV81jVb_fDEqCBXcjInNd0vN.jpg" />
<file href="scormcontent/assets/Il8fpZOyN2iM_7ZM_transcoded-K-VWmUevDXSPBVuW-PI-9-LawsRegs-19-ProductReRegistration.mp3" />
<file href="scormcontent/assets/sQUgEgTKDOEtVvAo_transcoded-HJt0FRWad1uQYMAn-PI-9-LawsRegs-20-FQPA.mp3" />
<file href="scormcontent/assets/oLWp3-de4iQ0x0ti_mbo3uuHs4EkwqaXQ.jpg" />
<file href="scormcontent/assets/ZlLockenP-AUmBEZ_transcoded-dofL5voRb7hxS3kX-PI-9-LawsRegs-21-ProductLabelRevisions.mp3" />
<file href="scormcontent/assets/VD730N-4ahD_tIBF_dEFkX-lSLSA9LgF9.jpg" />
<file href="scormcontent/assets/oKI-PHDhuuwpWtO9_transcoded-KJLtdxao0w-NdZtX-PI-9-LawsRegs-22-NonApplicationViolations.mp3" />
<file href="scormcontent/assets/8lWIUAOvsSMgvZXl_transcoded-zhstcerHJ1iFS66_-PI-9-LawsRegs-23-Penalties.mp3" />
<file href="scormcontent/assets/m1WWnOskBV7OBW1j_89Fm7sutGPkECzLa.jpg" />
<file href="scormcontent/assets/YdZ8UKmuVRV82Evx_d80FHW6_wMfuZPT4.jpg" />
<file href="scormcontent/assets/Ru_9fSqFSZsz2RIt_transcoded-Gn2I0hd4pdcX7Myr-PI-9-LawsRegs-25-EPAenforcementOfFIFRA.mp3" />
<file href="scormcontent/assets/AQSvQa9Yw-qsYQay_transcoded-c50GTMTRSPCVQbnR-PI-9-LawsRegs-26-PesticideContainerContainmentRegulation.mp3" />
<file href="scormcontent/assets/g3ZlN6mMz9nx-aoq_y32ZlmXpqlfD6eCl.jpg" />
<file href="scormcontent/assets/9ahBaYKcfGLwfAxt_transcoded-qraHWbxvaGDzMyUy-PI-9-LawsRegs-27-WPS.mp3" />
<file href="scormcontent/assets/eVa_Ftk-DylDXjgV_GYfBVGrg7VemfuyH.jpg" />
<file href="scormcontent/assets/c1DledXULiFU1aKr_transcoded-mb-tWYgv9onC47qL-PI-9-LawsRegs-28-PesticideApplicatorCertification.mp3" />
<file href="scormcontent/assets/4k82qEosA1fyMbGt_BUr5x_X1ZooHg1sw.jpg" />
<file href="scormcontent/assets/HZQOce5u_Xs19jGZ_transcoded-W7LwvvPBEakb0JhG-PI-9-LawsRegs-29-AdditionalPesticideRegulations.mp3" />
<file href="scormcontent/assets/r4Ub803gCOIgtDmy_transcoded-ZByczBXcCRsjS1ay-PI-9-LawsRegs-30-FFDCA.mp3" />
<file href="scormcontent/assets/FXa_nBBLDKyWPTFv_O_upUuO9OZaPmGeZ.jpg" />
<file href="scormcontent/assets/w66EtFUF47NHY83C_transcoded-Rf8g0VRYyU-UAoaI-PI-9-LawsRegs-31-FQPA.mp3" />
<file href="scormcontent/assets/9nPtDHeB9NzUwf-7_w57xo7I5omp783NF.jpg" />
<file href="scormcontent/assets/Fn_IUg9dgAHHfTIG_transcoded-Fz_2vitpuP9Q7eyK-PI-9-LawsRegs-33-EndangeredSpeciesAct.mp3" />
<file href="scormcontent/assets/17zIRYep2-0z0-Wn_W_kld_b6WAOvmCyV.jpg" />
<file href="scormcontent/assets/MlccP08xH560fXuD_transcoded-o6vLNi7n6m7g4qby-PI-9-LawsRegs-35-ProperRecordKeeping.mp3" />
<file href="scormcontent/assets/m8RPXDtLsMaHhSEK_iO0EQDm5-VaJ0Uir.jpg" />
<file href="scormcontent/assets/t1SgXB6FE8jYj4Id_transcoded-NuAuEydvr7G5s82u-PI-9-LawsRegs-37-Congratulations.mp3" />
<file href="scormcontent/assets/UALrDX0qwi7WaGmm_sN1qo03ObpctRrUj.jpg" />

    </resource>
  </resources>
</manifest>
