<?xml version="1.0" standalone="no" ?>
<manifest identifier="xWwNEqmzwsfvpPs8UHrAl1MFt9Hvdc5hjLhooCWm" version="1.3"
  xmlns="http://www.imsglobal.org/xsd/imscp_v1p1"
  xmlns:xsi="http://www.w3.org/2001/XMLSchema-instance"
  xmlns:adlcp="http://www.adlnet.org/xsd/adlcp_v1p3"
  xmlns:adlseq="http://www.adlnet.org/xsd/adlseq_v1p3"
  xmlns:adlnav="http://www.adlnet.org/xsd/adlnav_v1p3"
  xmlns:imsss="http://www.imsglobal.org/xsd/imsss"
  xsi:schemaLocation="http://www.imsglobal.org/xsd/imscp_v1p1 imscp_v1p1.xsd
                      http://www.adlnet.org/xsd/adlcp_v1p3 adlcp_v1p3.xsd
                      http://www.adlnet.org/xsd/adlseq_v1p3 adlseq_v1p3.xsd
                      http://www.adlnet.org/xsd/adlnav_v1p3 adlnav_v1p3.xsd
                      http://www.imsglobal.org/xsd/imsss imsss_v1p0.xsd">
  <metadata>
    <schema>ADL SCORM</schema>
    <schemaversion>2004 4th Edition</schemaversion>
    <adlcp:location>metadata.xml</adlcp:location>
  </metadata>
  <organizations default="B0">
    <organization identifier="B0" adlseq:objectivesGlobalToSystem="false">
      <title>Core Manual 8: Transportation, Storage, &amp; Security</title>
      <item identifier="i1" identifierref="r1" isvisible="true">
        <title>Core Manual 8: Transportation, Storage, &amp; Security</title>
        <adlcp:dataFromLMS>eyJjcHYiOiJqTGhvb0NXbSIsInJsZCI6ZmFsc2V9</adlcp:dataFromLMS>
        <imsss:sequencing>
          <imsss:deliveryControls tracked="true" completionSetByContent="true" objectiveSetByContent="true"/>
        </imsss:sequencing>
      </item>
      <metadata>
        <adlcp:location>metadata.xml</adlcp:location>
      </metadata>
      <imsss:sequencing>
        <imsss:controlMode choice="true" flow="true"/>
        <imsss:deliveryControls tracked="true" completionSetByContent="false" objectiveSetByContent="false"/>
      </imsss:sequencing>
    </organization>
  </organizations>
  <resources>
    <resource identifier="r1" type="webcontent" adlcp:scormType="sco" href="scormdriver/indexAPI.html">
      <!-- SCORMDRIVER STUFF -->
      <file href="scormdriver/indexAPI.html" />
      <file href="scormdriver/preloadIntegrity.js" />
      <file href="scormdriver/driverOptions.js" />
      <file href="scormdriver/AICCComm.html" />
      <file href="scormdriver/auto-scripts/AutoBookmark.js" />
      <file href="scormdriver/auto-scripts/AutoCompleteSCO.js" />
      <file href="scormdriver/auto-scripts/CourseExit.js" />
      <file href="scormdriver/blank.html" />
      <file href="scormdriver/goodbye.html" />
      <file href="scormdriver/scormdriver.js" />
      <file href="scormdriver/browsersniff.js" />
      <file href="scormcontent/lib/main.bundle.js"/>

      <!-- RUNTIME COMMON STUFF -->
      <file href="scormcontent/index.html" />

      
        <file href="scormcontent/lib/fonts/icomoon.ttf"/>
        <file href="scormcontent/lib/fonts/icomoon.woff"/>

        <file href="scormcontent/lib/icomoon.css"/>
        <file href="scormcontent/lib/main.bundle.css"/>
        <file href="scormcontent/lib/player-0.0.11.min.js"/>
        <file href="scormcontent/lib/lzwcompress.js"/>
      

      <!-- RUNTIME CONTENT STUFF -->
      <file href="scormcontent/lib/fonts/Lato-Light.woff" />
<file href="scormcontent/lib/fonts/Lato-Regular.woff" />
<file href="scormcontent/lib/fonts/Lato-Bold.woff" />
<file href="scormcontent/lib/fonts/Lato-Italic.woff" />
<file href="scormcontent/lib/fonts/Lato-Black.woff" />
<file href="scormcontent/lib/fonts/Merriweather-Light.woff" />
<file href="scormcontent/lib/fonts/Merriweather-Regular.woff" />
<file href="scormcontent/lib/fonts/Merriweather-Bold.woff" />
<file href="scormcontent/lib/fonts/Merriweather-Italic.woff" />
<file href="scormcontent/lib/fonts/Merriweather-Black.woff" />
<file href="scormcontent/assets/SakZX55M_m8SsPI8_small.png" />
<file href="scormcontent/assets/6hvxvHNHWBQ7nlFa_6PZWFeUxcP2ZKA36.jpg" />
<file href="scormcontent/assets/Zj6e3Saij6W372V-_transcoded-73Nh3lco2ERubtIp-PI-Transportation-VO-01a-Welcome.mp3" />
<file href="scormcontent/assets/frBqw_UNSsg3g3Xv_transcoded-VSppylFonYNmuLKC-PI-Transportation-VO-01b-LearningObjectives.mp3" />
<file href="scormcontent/assets/bPrKpZOavPCLZx5I_Jh1olCmQ4x0rnU05.jpg" />
<file href="scormcontent/assets/z1jAyUodI68kIk7S_transcoded-OIJXXHHYDbb_Jy5h-PI-Transportation-VO-04-MinimizingRisks.mp3" />
<file href="scormcontent/assets/WrhaQ-ilDmDlbTgh_transcoded-qzyItOL7yY2QolKO-PI-Transportation-VO-05-ProperVehicleMaintenance.mp3" />
<file href="scormcontent/assets/LEZxXbC0aTmZz44__wQH8Cv3mBQ5T-pEB.jpg" />
<file href="scormcontent/assets/Jr7KjGU7MkHDRWFc_KmBioZijVkwwbHeo.jpg" />
<file href="scormcontent/assets/ledeg8avS4iw3jKy_transcoded-pDDvIjoJF2GbKY4N-PI-Transportation-VO-06-HandlingPesticideProducts.mp3" />
<file href="scormcontent/assets/Dedck2YDgNU2fOaP_qxjF2F47OHNTYV4G.jpg" />
<file href="scormcontent/assets/fFlmddEFIsMV2kv3_transcoded-WoN9KpnT2BmDQ3jA-PI-Transportation-VO-07-SecureTransportation.mp3" />
<file href="scormcontent/assets/V16ykEuE0oerzZuV_9j_QspGjNwkWK7_D.jpg" />
<file href="scormcontent/assets/MabsFgluwyGGBZQI_transcoded-cBNKM3lMrlVetlfM-PI-Transportation-VO-08-Accountability.mp3" />
<file href="scormcontent/assets/K9OuTUwk_ESoX4Pk_transcoded-YbQ-qfTOAz5LDLfs-PI-Transportation-VO-09-AdditionalPrecautions.mp3" />
<file href="scormcontent/assets/jdpkPlAN_1bzZIrM_TV7cN8sl5wLMfpqy.jpg" />
<file href="scormcontent/assets/AgA5MHIe5JUbuyms_transcoded-_lwx9_yWduVNjDjN-PI-Transportation-VO-12-DOTplacards.mp3" />
<file href="scormcontent/assets/tmXXUS8xXhvTn0L3_03N0o2zBi_vbC3vB.jpg" />
<file href="scormcontent/assets/krpNpU7ZJiq47NLA_transcoded-1GDe8LX0ZAJhKc5k-PI-Transportation-VO-13-TransportationSecurityPlan.mp3" />
<file href="scormcontent/assets/z94bMxt6m_8aObel_1ruHptWGWur3PIHg.jpg" />
<file href="scormcontent/assets/F7SrZFkcWQrDsRky_transcoded-mnkHvN5o5oL9ttqo-PI-Transportation-VO-14-PesticideStorageFacilities.mp3" />
<file href="scormcontent/assets/8AP45YODEJDbSbzu_transcoded-Ti0xJFf9fj_H3RFb-PI-Transportation-VO-17-SiteSelection.mp3" />
<file href="scormcontent/assets/Vmr3rXSEdFBj3zIV_1TTFWTl9-ti0igSb.jpg" />
<file href="scormcontent/assets/DeHxwik-XwZGkeyK_transcoded-qD1Xlm0P9Vl-Y93y-PI-Transportation-VO-18-ElementsOfAStorageFacility.mp3" />
<file href="scormcontent/assets/vcCraCACS0a_TtVy_transcoded-Cub_0CDaN54SPkgD-PI-Transportation-VO-19-Ventilation.mp3" />
<file href="scormcontent/assets/AV9P9Nl2z1SEj7km_hpOpS4CR4J1M1o-V.jpg" />
<file href="scormcontent/assets/I2GN9myGa0onFZuq_transcoded-yiX79_lBsfCf7FHK-PI-Transportation-VO-20-Lighting.mp3" />
<file href="scormcontent/assets/qKKGRl_qnRzbA6hh_RYWmGmv4WXI9UBCF.jpg" />
<file href="scormcontent/assets/ahMDEDjNyGPLdCuT_transcoded-FA5AOxdGcGqPUhwp-PI-Transportation-VO-21-NonAbsorbentMaterials.mp3" />
<file href="scormcontent/assets/oBy5LcFqtAzx0b4Z_rxHPM0rnOCtqGZ6l.jpg" />
<file href="scormcontent/assets/X5hbVGrKJOVVTrpa_transcoded-pWBpWdyNvtE5TBRQ-PI-Transportation-VO-22-StructuralDesign.mp3" />
<file href="scormcontent/assets/t3B51CjZzxYnTsLU_XdV6LXihIB5bc5N4.jpg" />
<file href="scormcontent/assets/JS1Fcl5kP7zymfE3_transcoded-TBA2csiXbSaTR43V-PI-Transportation-VO-23-PesticideLabels.mp3" />
<file href="scormcontent/assets/Wqry_RU0yWsJyZCR_uHRpKokc3JHi0VO9.jpg" />
<file href="scormcontent/assets/qKr1ld_GqojqN7cJ_transcoded-delIjpIbu2Y5jToq-PI-Transportation-VO-24-OriginalContainers.mp3" />
<file href="scormcontent/assets/sdOnrfFayJX4JIIj_jtMXMIdRJQjAVZFq.jpg" />
<file href="scormcontent/assets/IL4J-zsqU26_ONg7_transcoded-RxqdIsuTtY48J6z8-PI-Transportation-VO-25-PlasticPallets.mp3" />
<file href="scormcontent/assets/mGF87HB5_nTntA1U_uVpEAP54Mm3I-5fs.jpg" />
<file href="scormcontent/assets/3Z3lufk5dAkxZ0ge_transcoded-AeAvTz3QHOzCqQpI-PI-Transportation-VO-26-OtherStoragePrecautions.mp3" />
<file href="scormcontent/assets/ahFTlcCbwdiyZ8aJ_NA2xDi_ysQ4pFfcH.jpg" />
<file href="scormcontent/assets/Cx7z0THhdARmWFwe_transcoded-4gA8KbrOesKp7ksS-PI-Transportation-VO-27-InspectingPesticideContainers.mp3" />
<file href="scormcontent/assets/_m3j53u-w274b3t__-OBi6hRQ9N9yXTtL.jpg" />
<file href="scormcontent/assets/25EDVLiume1FTzb8_transcoded-WLVXN4NKhXgIj7dJ-PI-Transportation-VO-28-InventoryShelfLife.mp3" />
<file href="scormcontent/assets/7bOt4XB2p_OHkFHB_transcoded--u7KJCCi_Lvuhwd0-PI-Transportation-VO-29-PreventingAccidents.mp3" />
<file href="scormcontent/assets/CzzqhrrYhev6UliQ_BuAyikgLLpZy1HUj.jpg" />
<file href="scormcontent/assets/Uv16JOhgNhsPeJs5_transcoded-vY3lEfEUGoR3Nem--PI-Transportation-VO-30-EmergencySupplies.mp3" />
<file href="scormcontent/assets/-ZAXc7bVPDWo-bP8_N6Ne9BlqYD6tOR3i.jpg" />
<file href="scormcontent/assets/uLxqP5N2OiRiK7lR_transcoded-kbrlTb7FhmkSKBn0-PI-Transportation-VO-31-DisposalOfUnwantedProducts.mp3" />
<file href="scormcontent/assets/XCXJjBnNDapWOP_e_5tqyRa7HkA2kgQU1.jpg" />
<file href="scormcontent/assets/dC3nqkTuU4IFA4Q6_22jWSGBDVV1rToIp.jpg" />
<file href="scormcontent/assets/8Uer9q5lHKtArBKf_transcoded-uQqf2aFLB0psYUEM-PI-Transportation-VO-32-SecurityPlan.mp3" />
<file href="scormcontent/assets/LRAx44FmYB7TryXG_transcoded-GYrzl-tkzFM_bxBE-PI-Transportation-VO-33-RiskAssessment.mp3" />
<file href="scormcontent/assets/gnO4WSrVf5GekNYG_s_PmGAWKF6R6TIhM.jpg" />
<file href="scormcontent/assets/Ik03CbGFKKABvRqQ_transcoded-Jy1x-b-8NdPU6few-PI-Transportation-VO-34-EmployeesRole.mp3" />
<file href="scormcontent/assets/QZMx9skKSrevg72W_3O-OQM6m2na0jc8k.jpg" />
<file href="scormcontent/assets/XHRJMfd2dwEFhHgR_transcoded-5SNaiaJipuaasChJ-PI-Transportation-VO-35-PreventingAnUnauthorizedEntry.mp3" />
<file href="scormcontent/assets/Q-K1BPQBXRwH-aTS_W__p5gTAnnq9eu3Y.jpg" />
<file href="scormcontent/assets/LrChz5VbdwMQWgSW_ZTNzG_NSUcJEC7mx.jpg" />
<file href="scormcontent/assets/b5tfv1u-H6K5VTPM_transcoded-8e4ZweNfKPHv2Lzg-PI-Transportation-VO-36-EmployeePolicy.mp3" />
<file href="scormcontent/assets/DxRTBH95XHwznas2_transcoded-eUfRy2kvz75yFVWg-PI-Transportation-VO-37-StrongSecurityPractices.mp3" />
<file href="scormcontent/assets/hbt34KukYJ8NL9KZ_6WLirvh2E14TXPtQ.jpg" />
<file href="scormcontent/assets/_vBu7aT6nZXthkaA_transcoded-oGg1ZglZoxmBtVkm-PI-Transportation-VO-38-Congrats.mp3" />
<file href="scormcontent/assets/WEz4978uhBth0SHd_1BEayNg4-VuYpibD.jpg" />

    </resource>
  </resources>
</manifest>
