<?xml version="1.0" standalone="no" ?>
<manifest identifier="CupLJfZydjQ1mwi-X6CawkTUnkdI6IG2_cWYMLBH" version="1.3"
  xmlns="http://www.imsglobal.org/xsd/imscp_v1p1"
  xmlns:xsi="http://www.w3.org/2001/XMLSchema-instance"
  xmlns:adlcp="http://www.adlnet.org/xsd/adlcp_v1p3"
  xmlns:adlseq="http://www.adlnet.org/xsd/adlseq_v1p3"
  xmlns:adlnav="http://www.adlnet.org/xsd/adlnav_v1p3"
  xmlns:imsss="http://www.imsglobal.org/xsd/imsss"
  xsi:schemaLocation="http://www.imsglobal.org/xsd/imscp_v1p1 imscp_v1p1.xsd
                      http://www.adlnet.org/xsd/adlcp_v1p3 adlcp_v1p3.xsd
                      http://www.adlnet.org/xsd/adlseq_v1p3 adlseq_v1p3.xsd
                      http://www.adlnet.org/xsd/adlnav_v1p3 adlnav_v1p3.xsd
                      http://www.imsglobal.org/xsd/imsss imsss_v1p0.xsd">
  <metadata>
    <schema>ADL SCORM</schema>
    <schemaversion>2004 4th Edition</schemaversion>
    <adlcp:location>metadata.xml</adlcp:location>
  </metadata>
  <organizations default="B0">
    <organization identifier="B0" adlseq:objectivesGlobalToSystem="false">
      <title>Core Manual 9: Emergency Response</title>
      <item identifier="i1" identifierref="r1" isvisible="true">
        <title>Core Manual 9: Emergency Response</title>
        <adlcp:dataFromLMS>eyJjcHYiOiJfY1dZTUxCSCIsInJsZCI6ZmFsc2V9</adlcp:dataFromLMS>
        <imsss:sequencing>
          <imsss:deliveryControls tracked="true" completionSetByContent="true" objectiveSetByContent="true"/>
        </imsss:sequencing>
      </item>
      <metadata>
        <adlcp:location>metadata.xml</adlcp:location>
      </metadata>
      <imsss:sequencing>
        <imsss:controlMode choice="true" flow="true"/>
        <imsss:deliveryControls tracked="true" completionSetByContent="false" objectiveSetByContent="false"/>
      </imsss:sequencing>
    </organization>
  </organizations>
  <resources>
    <resource identifier="r1" type="webcontent" adlcp:scormType="sco" href="scormdriver/indexAPI.html">
      <!-- SCORMDRIVER STUFF -->
      <file href="scormdriver/indexAPI.html" />
      <file href="scormdriver/preloadIntegrity.js" />
      <file href="scormdriver/driverOptions.js" />
      <file href="scormdriver/AICCComm.html" />
      <file href="scormdriver/auto-scripts/AutoBookmark.js" />
      <file href="scormdriver/auto-scripts/AutoCompleteSCO.js" />
      <file href="scormdriver/auto-scripts/CourseExit.js" />
      <file href="scormdriver/blank.html" />
      <file href="scormdriver/goodbye.html" />
      <file href="scormdriver/scormdriver.js" />
      <file href="scormdriver/browsersniff.js" />
      <file href="scormcontent/lib/main.bundle.js"/>

      <!-- RUNTIME COMMON STUFF -->
      <file href="scormcontent/index.html" />

      
        <file href="scormcontent/lib/fonts/icomoon.ttf"/>
        <file href="scormcontent/lib/fonts/icomoon.woff"/>

        <file href="scormcontent/lib/icomoon.css"/>
        <file href="scormcontent/lib/main.bundle.css"/>
        <file href="scormcontent/lib/player-0.0.11.min.js"/>
        <file href="scormcontent/lib/lzwcompress.js"/>
      

      <!-- RUNTIME CONTENT STUFF -->
      <file href="scormcontent/lib/fonts/Lato-Light.woff" />
<file href="scormcontent/lib/fonts/Lato-Regular.woff" />
<file href="scormcontent/lib/fonts/Lato-Bold.woff" />
<file href="scormcontent/lib/fonts/Lato-Italic.woff" />
<file href="scormcontent/lib/fonts/Lato-Black.woff" />
<file href="scormcontent/lib/fonts/Merriweather-Light.woff" />
<file href="scormcontent/lib/fonts/Merriweather-Regular.woff" />
<file href="scormcontent/lib/fonts/Merriweather-Bold.woff" />
<file href="scormcontent/lib/fonts/Merriweather-Italic.woff" />
<file href="scormcontent/lib/fonts/Merriweather-Black.woff" />
<file href="scormcontent/assets/OTJumvd65p470Khi_small.png" />
<file href="scormcontent/assets/azFyIOF8IcQJU-vr_Fb3JQdCu65PDp9Yc.jpg" />
<file href="scormcontent/assets/VK6AzPYQTU389uBf_transcoded-K7RQ_SD56dB89CAL-PI-9-EmergencyResponse-01a-Welcome.mp3" />
<file href="scormcontent/assets/wYYte0avdbui1Auk_transcoded-0ddGogE7QMTDYoRD-PI-9-EmergencyResponse-01b-LearningObjectives.mp3" />
<file href="scormcontent/assets/QEmc-5MBErM21pbj_ba3wFxt5j194Nb95.jpg" />
<file href="scormcontent/assets/42X2d5U2-M3x92QZ_transcoded-oVRlWWG_nXs9Fhj8-PI-9-EmergencyResponse-02-AccidentsAndEmergencies.mp3" />
<file href="scormcontent/assets/87sQjyT35c4HxE97_transcoded-BRhYZJHoGeOEer1--PI-9-EmergencyResponse-03-ThereCanBeDifferent.mp3" />
<file href="scormcontent/assets/04OE4VpLqRtcTmO0_082UwQkMmXNeZx8m.jpg" />
<file href="scormcontent/assets/6Vyf0wA5O_jm7o94_transcoded-3aw_7uZ2c4tBojBw-PI-9-EmergencyResponse-04-SelectAnEmergencyCoordinator.mp3" />
<file href="scormcontent/assets/L6fxyCjVRf2MuwVE_sd-_8ivw2SY_ayg_.jpg" />
<file href="scormcontent/assets/Svb-GpyYWmvcsAOP_pNZN8qDP6H1XZcjB.jpg" />
<file href="scormcontent/assets/QHaRxX61hFu067m3_M7Ce8rLpzM_PvfTK.jpg" />
<file href="scormcontent/assets/Zx17583aZ-TZRYKl_transcoded-QGPMRZTXlaWmEKLJ-PI-9-EmergencyResponse-05-InAdditionToTheAgencyList.mp3" />
<file href="scormcontent/assets/OTO2fGrUhT6ZdGI1_1jXEV6KYUzpELcdC.jpg" />
<file href="scormcontent/assets/iVeWBDw5nfKM68Sz_transcoded-EnPQNWIGq0acQXea-PI-9-EmergencyResponse-06-DecelopAFacilityMap.mp3" />
<file href="scormcontent/assets/mhKZcjiJ1K9_-kc8_gIzvgwq139JNKnMh.jpg" />
<file href="scormcontent/assets/WNxFt_5RnCwj4SJ7_transcoded-PAHw4hHM0lR9akXu-PI-9-EmergencyResponse-07-DecelopAnAreaMap.mp3" />
<file href="scormcontent/assets/Bt42cTp9ao4AG5T9_transcoded-TrLZ427AyUMx8wLG-PI-9-EmergencyResponse-08-MaintainAProductInventory.mp3" />
<file href="scormcontent/assets/qIeWp3SS3T17LAg2_rRBeZuqcX2BcxYcn.jpg" />
<file href="scormcontent/assets/306lOlJ2cJQosjKS_transcoded-k3FU3-WrM7iqLIAt-PI-9-EmergencyResponse-09-EquipmentAndSupplies.mp3" />
<file href="scormcontent/assets/CEAv5_D_5cgTSfDJ_7xEZX2Nz6BOn5ntM.jpg" />
<file href="scormcontent/assets/fZ-QlHftaHeFI8jx_transcoded-fG-O1lnw261TMl6z-PI-9-EmergencyResponse-10-DecelopStepByStepActions.mp3" />
<file href="scormcontent/assets/rctVhUvDV_1Fgqsb_A4VG2U77WqSG17ca.jpg" />
<file href="scormcontent/assets/8uIpoqRNiTxdS7vt_transcoded-a2_NxlORt6-nqjF3-PI-9-EmergencyResponse-11-WhileProductFlammability.mp3" />
<file href="scormcontent/assets/8bHHKdz-BoDtTAsu_transcoded-K44yBQJWBkRZ7L_I-PI-9-EmergencyResponse-12-InAdditionToTheLocation.mp3" />
<file href="scormcontent/assets/3G3xHHEcjFuKET_F_Ly1OLCaqBjLH83N4.jpg" />
<file href="scormcontent/assets/nHvW5YBOfra3KLPO_transcoded-AAXVOtwo6K8M-R5F-PI-9-EmergencyResponse-13-IfAFireDoesOccur.mp3" />
<file href="scormcontent/assets/8Rlz7bYiq3ryragt_transcoded-h2lDt4v9WPcIDaWS-PI-9-EmergencyResponse-14-OtherQuickActions.mp3" />
<file href="scormcontent/assets/gOUpq4TDdo10hMY3_STHnMJNaQXTnGmHi.jpg" />
<file href="scormcontent/assets/4OV7S-jNQOYhVFJv_transcoded-oaGZo0EWWkUPbqR8-PI-9-EmergencyResponse-15-TheNFPA.mp3" />
<file href="scormcontent/assets/zRJyjUKFtSNCNhJB_tZ7fInK3Wry_mDEl.jpg" />
<file href="scormcontent/assets/H3I9LcD2ThDn4Q5j_LFf4NMiAXYecwTuU.jpg" />
<file href="scormcontent/assets/2YYnKe1t9hQiaHCD_transcoded-YK0xnga_lYORA3Eg-PI-9-EmergencyResponse-16-APesticideSpillOccurs.mp3" />
<file href="scormcontent/assets/_ebfSfxS2Uxh4x12_transcoded-LqVfVkcz0i9-zTFV-PI-9-EmergencyResponse-17-TheFirstStepWhen.mp3" />
<file href="scormcontent/assets/hetfEGFttiMrKmn1_Ges38gx3fgFVnPOR.jpg" />
<file href="scormcontent/assets/N0S2KDQG8XIhLnqg_transcoded-kX-YNF1HP_-zEDx1-PI-9-EmergencyResponse-18-WhenPesticideSpillsDoHappen.mp3" />
<file href="scormcontent/assets/_psPrCZi1xwqjtn1_transcoded-y1YgFBkUSz70om65-PI-9-EmergencyResponse-20-Control.mp3" />
<file href="scormcontent/assets/SoalQnZkMreFWzyt_YrcCuSTZpuNz5-Zp.jpg" />
<file href="scormcontent/assets/XkwUMg1vYBp55YYn_transcoded-WPTT51aL0Gz7gF8n-PI-9-EmergencyResponse-21-Containment.mp3" />
<file href="scormcontent/assets/lAfGUkbBWPL2ZCtm_i50PWKsWkVZhNosM.jpg" />
<file href="scormcontent/assets/sfh-udFjwh01ku7-_transcoded-cJXCE_STYvUkOJOc-PI-9-EmergencyResponse-22-CleanUp.mp3" />
<file href="scormcontent/assets/yKYbcQx3zDlUSTss_-QFRtxzoMnftMMff.jpg" />
<file href="scormcontent/assets/ew6blDAIpnvhfM_v_transcoded-zMDu3Yx3RirPlTwM-PI-9-EmergencyResponse-23-RememberPPeShouldStill.mp3" />
<file href="scormcontent/assets/rpsESBuQCWIBddQH_Hvn1O6EgkkqtyHDB.jpg" />
<file href="scormcontent/assets/b8Z6gHaSMc4ipIno_transcoded-bbrQrFhNF58fmeSa-PI-9-EmergencyResponse-24-AnotherImportnatC.mp3" />
<file href="scormcontent/assets/ZPovlpwhKt0PdLcr_QlJbXusP7IpmLLwO.jpg" />
<file href="scormcontent/assets/B8_MGmv_7UnVk91D_transcoded-4Cl3ZzrEg433zcPh-PI-9-EmergencyResponse-25-ProtectingSurfaceWater.mp3" />
<file href="scormcontent/assets/_1lxKVOvAZqxb6EJ_5MxleKi1o7oTKAew.jpg" />
<file href="scormcontent/assets/pW1UsMmNxu3AEJUn_transcoded-fGR9l2CwUeHt0Wy--PI-9-EmergencyResponse-26-ToHelpReduceThePossibility.mp3" />
<file href="scormcontent/assets/R60IK3nqmArN6glQ_EsVJaKNDUc59Mtgk.jpg" />
<file href="scormcontent/assets/OPIs9ipbrtzrvwMm_A5tXcOIe5Ob5oZxo.jpg" />
<file href="scormcontent/assets/EESpB5e9QlIzxC1y_transcoded-hNz6FQAu96THdOJA-PI-9-EmergencyResponse-27-ASpillKitShouldContain.mp3" />
<file href="scormcontent/assets/z3zuL43wBE3PPXMw_mountains.jpg" />
<file href="scormcontent/assets/m1dLnMkyroVI3Brs_transcoded-aiE5DTC1oxjcBQPs-PI-9-EmergencyResponse-28-Congratulations.mp3" />
<file href="scormcontent/assets/lk99GnGzNy4QrPbh_oRFQZQTBusLph7-t.jpg" />

    </resource>
  </resources>
</manifest>
