<?xml version="1.0" standalone="no" ?>
<manifest identifier="AclmjTz0LUBq7iqkdS9Ydiht70zi76oBoWwiCjwF" version="1.3"
  xmlns="http://www.imsglobal.org/xsd/imscp_v1p1"
  xmlns:xsi="http://www.w3.org/2001/XMLSchema-instance"
  xmlns:adlcp="http://www.adlnet.org/xsd/adlcp_v1p3"
  xmlns:adlseq="http://www.adlnet.org/xsd/adlseq_v1p3"
  xmlns:adlnav="http://www.adlnet.org/xsd/adlnav_v1p3"
  xmlns:imsss="http://www.imsglobal.org/xsd/imsss"
  xsi:schemaLocation="http://www.imsglobal.org/xsd/imscp_v1p1 imscp_v1p1.xsd
                      http://www.adlnet.org/xsd/adlcp_v1p3 adlcp_v1p3.xsd
                      http://www.adlnet.org/xsd/adlseq_v1p3 adlseq_v1p3.xsd
                      http://www.adlnet.org/xsd/adlnav_v1p3 adlnav_v1p3.xsd
                      http://www.imsglobal.org/xsd/imsss imsss_v1p0.xsd">
  <metadata>
    <schema>ADL SCORM</schema>
    <schemaversion>2004 4th Edition</schemaversion>
    <adlcp:location>metadata.xml</adlcp:location>
  </metadata>
  <organizations default="B0">
    <organization identifier="B0" adlseq:objectivesGlobalToSystem="false">
      <title>Core Manual 1: Pest Management</title>
      <item identifier="i1" identifierref="r1" isvisible="true">
        <title>Core Manual 1: Pest Management</title>
        <adlcp:dataFromLMS>eyJjcHYiOiJvV3dpQ2p3RiIsInJsZCI6ZmFsc2V9</adlcp:dataFromLMS>
        <imsss:sequencing>
          <imsss:deliveryControls tracked="true" completionSetByContent="true" objectiveSetByContent="true"/>
        </imsss:sequencing>
      </item>
      <metadata>
        <adlcp:location>metadata.xml</adlcp:location>
      </metadata>
      <imsss:sequencing>
        <imsss:controlMode choice="true" flow="true"/>
        <imsss:deliveryControls tracked="true" completionSetByContent="false" objectiveSetByContent="false"/>
      </imsss:sequencing>
    </organization>
  </organizations>
  <resources>
    <resource identifier="r1" type="webcontent" adlcp:scormType="sco" href="scormdriver/indexAPI.html">
      <!-- SCORMDRIVER STUFF -->
      <file href="scormdriver/indexAPI.html" />
      <file href="scormdriver/preloadIntegrity.js" />
      <file href="scormdriver/driverOptions.js" />
      <file href="scormdriver/AICCComm.html" />
      <file href="scormdriver/auto-scripts/AutoBookmark.js" />
      <file href="scormdriver/auto-scripts/AutoCompleteSCO.js" />
      <file href="scormdriver/auto-scripts/CourseExit.js" />
      <file href="scormdriver/blank.html" />
      <file href="scormdriver/goodbye.html" />
      <file href="scormdriver/scormdriver.js" />
      <file href="scormdriver/browsersniff.js" />
      <file href="scormcontent/lib/main.bundle.js"/>

      <!-- RUNTIME COMMON STUFF -->
      <file href="scormcontent/index.html" />

      
        <file href="scormcontent/lib/fonts/icomoon.ttf"/>
        <file href="scormcontent/lib/fonts/icomoon.woff"/>

        <file href="scormcontent/lib/icomoon.css"/>
        <file href="scormcontent/lib/main.bundle.css"/>
        <file href="scormcontent/lib/player-0.0.11.min.js"/>
        <file href="scormcontent/lib/lzwcompress.js"/>
      

      <!-- RUNTIME CONTENT STUFF -->
      <file href="scormcontent/lib/fonts/Lato-Light.woff" />
<file href="scormcontent/lib/fonts/Lato-Regular.woff" />
<file href="scormcontent/lib/fonts/Lato-Bold.woff" />
<file href="scormcontent/lib/fonts/Lato-Italic.woff" />
<file href="scormcontent/lib/fonts/Lato-Black.woff" />
<file href="scormcontent/lib/fonts/Merriweather-Light.woff" />
<file href="scormcontent/lib/fonts/Merriweather-Regular.woff" />
<file href="scormcontent/lib/fonts/Merriweather-Bold.woff" />
<file href="scormcontent/lib/fonts/Merriweather-Italic.woff" />
<file href="scormcontent/lib/fonts/Merriweather-Black.woff" />
<file href="scormcontent/assets/iqHssA5-l3n_WWxq_small.png" />
<file href="scormcontent/assets/4tL-SykFDyCQvlII_-cas7_is_JhfisvO.jpg" />
<file href="scormcontent/assets/3sMcUL818EYR4Hcv_transcoded-GvyIBCIv4O7cs_fY-PI-PestManagement-VO-01a-Welcome.mp3" />
<file href="scormcontent/assets/BQH_wAe9bvMwpUon_transcoded-OZsFjsf9SOkmVlsd-PI-PestManagement-VO-01b-LearningObjectives.mp3" />
<file href="scormcontent/assets/ixv5j5Ngg_3HDV1U_mMQcaWj305TjuCiu.jpg" />
<file href="scormcontent/assets/X1MIUeFOvFyv0fnH_transcoded-wGGdDRSIHS3w8xVU-PI-PestManagement-VO-02-AlwaysPresent.mp3" />
<file href="scormcontent/assets/rQY7iqEkQk92nzQ7_transcoded-VH9KGb20qByxcca2-PI-PestManagement-VO-03-EarlyChemicalEfforts.mp3" />
<file href="scormcontent/assets/i-eunKeJwE_SghuR_Gg20x86VTLTUCFjw.jpg" />
<file href="scormcontent/assets/vAM9MjGc7oICNleH_2jj95DwRWoweHH3S.jpg" />
<file href="scormcontent/assets/f-UMxy6aLYRxp01d_transcoded-iRtDRKbX2frGw0vb-PI-PestManagement-VO-04-BioaccumulationBiomagnification.mp3" />
<file href="scormcontent/assets/hV75kN5B3h8M_CSI_e_4X0huU2OY2q5aL.jpg" />
<file href="scormcontent/assets/9wGEhfTycBpQfBm4_jgOzisb8BQX-xZ5O.jpg" />
<file href="scormcontent/assets/PILghKtgXENlEtGw_transcoded-HwbGck2xKGrkZRHY-PI-PestManagement-VO-05-WhatIsAPest.mp3" />
<file href="scormcontent/assets/6QxPjwVYTX6yTay6_transcoded-NJHKX32x2_PBWBry-PI-PestManagement-VO-08-PestClassification.mp3" />
<file href="scormcontent/assets/AJROpOjNOfhQ0p29_Dm2knlQwYS739d_E.jpg" />
<file href="scormcontent/assets/IbnbxX5hKdmKksPM_HogZe0lNdyo300tp.jpg" />
<file href="scormcontent/assets/tqv4vJhtUntK2Dzl_4RIGU7wBGTkPhjLT.jpg" />
<file href="scormcontent/assets/D2qqFU3kXPDDzdek_2neCHHznG4q7t0Al.jpg" />
<file href="scormcontent/assets/qyzA_GEEvaR8Yb6r_transcoded-JWoJfztAEQz2lMx6-PI-PestManagement-VO-10-IdentifyThePest.mp3" />
<file href="scormcontent/assets/yzu8809xMpDnORGz_6Mxi-t9JwArdJdLL.jpg" />
<file href="scormcontent/assets/aSyJ--b-7DR0SIwC_concert.jpg" />
<file href="scormcontent/assets/IKYTRMvmUIQEYkx1_m2lEVaKNGvzvII0t.jpg" />
<file href="scormcontent/assets/dadKxLtooJ_TeXv8_transcoded-I4n-LdvT6-wmQeys-PI-PestManagement-VO-12-NaturalAppliedControls.mp3" />
<file href="scormcontent/assets/igz4Amx5vJqzQjNN_transcoded-GeFrgyzdwy4HYhJx-PI-PestManagement-VO-13-BiologicalControls.mp3" />
<file href="scormcontent/assets/CvgnSxfuUd3B55B1_Ib1YAUTumz5tUHUW.jpg" />
<file href="scormcontent/assets/MFhcTydtPl5usqOb_transcoded-ttH2SIdxGhSUeyeE-PI-PestManagement-VO-14-MechanicalControls.mp3" />
<file href="scormcontent/assets/_M_Vo9aX791id-NY_cpCiS2Ea9KXh_Bzn.jpg" />
<file href="scormcontent/assets/PzmBfmyBF6XzAb8V_9tBdrzT8I7X40heG.jpg" />
<file href="scormcontent/assets/ku0GgpXC6cqrpqsB_Dt-sjLZ0oH49ijYq.jpg" />
<file href="scormcontent/assets/idgUlLQmiFyAvEei_transcoded-CvHhvyIDyRmOkLxG-PI-PestManagement-VO-15-CulturalControl.mp3" />
<file href="scormcontent/assets/nBpekY0gunFy4161_TzMhEK0HUkXpkNt7.jpg" />
<file href="scormcontent/assets/EC0Qm3OKI82beDMT_transcoded-_bTRyNP-O432HfR_-PI-PestManagement-VO-17-AdditionalAppliedControls.mp3" />
<file href="scormcontent/assets/DTpeO296xhSWLoLw_OlK1dRQ-j6XS-3qp.jpg" />
<file href="scormcontent/assets/D8behshTyYazI7SG_p_Te2iQwkBUQt5fv.jpg" />
<file href="scormcontent/assets/xAimPrbGgPX9WA9o_transcoded-YQApQsfyr-z9S0Fe-PI-PestManagement-VO-18-ChemicalControls.mp3" />
<file href="scormcontent/assets/C6Q__Mph-4Chr_67_transcoded-OKQEfo5WioM1qh1D-PI-PestManagement-VO-19-ModeOfAction.mp3" />
<file href="scormcontent/assets/8aDnITIb2z-43emX_EQNYy5q11RxGklKa.jpg" />
<file href="scormcontent/assets/StIWCA4vL3pMmZ2W_transcoded-nnEZmmjqePSRu-xU-PI-PestManagement-VO-20-WhatIsIPM.mp3" />
<file href="scormcontent/assets/gflZPW0mGg9BYKxK_transcoded-3xYyjeAF89FoNKo3-PI-PestManagement-VO-21-WhyIPM.mp3" />
<file href="scormcontent/assets/OdGK5GkSz6bCbDjW_XW58JPlXJFkzav6Q.jpg" />
<file href="scormcontent/assets/7y0bS7g6MJMXjEaW_transcoded-71BG-g4BD3al7djs-PI-PestManagement-VO-22-The5StepsofIPM.mp3" />
<file href="scormcontent/assets/qMpkGJT_IacaQsVx_transcoded-ZG3mtbwmbSsMtH82-PI-PestManagement-VO-28-Summary.mp3" />
<file href="scormcontent/assets/ZcoxObb-GIfqf0qU_transcoded-ueMqsnpfpiIU0468-PI-PestManagement-VO-23-Identify.mp3" />
<file href="scormcontent/assets/PapDjR4Q1MdY-P9l_Nrb3WCOHrwi62JRV.jpg" />
<file href="scormcontent/assets/1NKEjAJ0bifqMx4b_transcoded-x745cb7NcVO55DJQ-PI-PestManagement-VO-24-Monitor.mp3" />
<file href="scormcontent/assets/fRra8whvfNL8OGj1_2p-1hyXoIDZ52Igd.jpg" />
<file href="scormcontent/assets/_CroIHBtxHfjkwUP_transcoded-FtD4bQM_CbozC_sy-PI-PestManagement-VO-25-Goal.mp3" />
<file href="scormcontent/assets/w8U7FKJGVA1TPpDU_WkWc3cyili2nDZPT.jpg" />
<file href="scormcontent/assets/wwyQQE1wKd0yX_Pb_transcoded-hk8EnXYgqEYsLg-d-PI-PestManagement-VO-26-Implement.mp3" />
<file href="scormcontent/assets/mIGNuCuqvhR2M8i4_NuXzDrYzMV0gduNT.jpg" />
<file href="scormcontent/assets/jeAhfQXLLrkNfpzV_transcoded-ZJWXQA-IDmGhPKgL-PI-PestManagement-VO-27-Evaluate.mp3" />
<file href="scormcontent/assets/EJ_cOLOqsxcwMmyU_KVMHEOOYcdw0isBm.jpg" />
<file href="scormcontent/assets/zmXq3owUI_4q6A6i_B0hOr10JgbrTrEvl.jpg" />
<file href="scormcontent/assets/MXiRepkdCsLwgO4C_transcoded-RPs9h4qBUUk61o8U-PI-PestManagement-VO-30-ApplicationEffectiveness.mp3" />
<file href="scormcontent/assets/4Yy8WxoSbs8UH7gu_transcoded-GLP6QRs3oYxeopHW-PI-PestManagement-VO-31-ResistanceExample1.mp3" />
<file href="scormcontent/assets/MbVFVR6PmKEtSbyp_UF2l898KeXttxGy-.jpg" />
<file href="scormcontent/assets/PhZcCttjUFc11MmR_transcoded-VrznERbOWv4UPXlK-PI-PestManagement-VO-32-ResistanceExample2.mp3" />
<file href="scormcontent/assets/CZZ579ukPvDhHwjg_vsTWYW8RReMF499p.jpg" />
<file href="scormcontent/assets/AsqaVJ4KpFSM_fF1_transcoded-BsyNywE6rdWaAfxv-PI-PestManagement-VO-33-ResistanceExample3.mp3" />
<file href="scormcontent/assets/S5CdwHvk21FxZhyM_2U4Ij7Q8ZHGIKRyS.jpg" />
<file href="scormcontent/assets/Q2ZFg7pK0H5GSJHW_transcoded-5OPX-dT_doqg_AXK-PI-PestManagement-VO-34-ResistanceExample4.mp3" />
<file href="scormcontent/assets/rMDBE9hZ3VuvPpXZ_adIfTAAJtFT5_1zH.jpg" />
<file href="scormcontent/assets/mP3cCn8GAZukczEQ_transcoded-NqFw_Ny5EWZTZn7t-PI-PestManagement-VO-35-ManagingPestResistance.mp3" />
<file href="scormcontent/assets/EadnrMBSAu9NVr_W_2wJE4DhO145X6fgq.jpg" />
<file href="scormcontent/assets/gwU7v8ASYX0zONAB_transcoded-1YiPf84vYSbGdd_T-PI-PestManagement-VO-36-Congrats.mp3" />
<file href="scormcontent/assets/hwb7QKM605O3LzVV_n2eM0dzD5aXf1We-.jpg" />

    </resource>
  </resources>
</manifest>
