<?xml version="1.0" standalone="no" ?>
<manifest identifier="npcBB2U3YaBGvwF-EtmQiHMkvgeLl8OkLOu81n2L" version="1.3"
  xmlns="http://www.imsglobal.org/xsd/imscp_v1p1"
  xmlns:xsi="http://www.w3.org/2001/XMLSchema-instance"
  xmlns:adlcp="http://www.adlnet.org/xsd/adlcp_v1p3"
  xmlns:adlseq="http://www.adlnet.org/xsd/adlseq_v1p3"
  xmlns:adlnav="http://www.adlnet.org/xsd/adlnav_v1p3"
  xmlns:imsss="http://www.imsglobal.org/xsd/imsss"
  xsi:schemaLocation="http://www.imsglobal.org/xsd/imscp_v1p1 imscp_v1p1.xsd
                      http://www.adlnet.org/xsd/adlcp_v1p3 adlcp_v1p3.xsd
                      http://www.adlnet.org/xsd/adlseq_v1p3 adlseq_v1p3.xsd
                      http://www.adlnet.org/xsd/adlnav_v1p3 adlnav_v1p3.xsd
                      http://www.imsglobal.org/xsd/imsss imsss_v1p0.xsd">
  <metadata>
    <schema>ADL SCORM</schema>
    <schemaversion>2004 4th Edition</schemaversion>
    <adlcp:location>metadata.xml</adlcp:location>
  </metadata>
  <organizations default="B0">
    <organization identifier="B0" adlseq:objectivesGlobalToSystem="false">
      <title>Core Manual 10: Pesticide Applications</title>
      <item identifier="i1" identifierref="r1" isvisible="true">
        <title>Core Manual 10: Pesticide Applications</title>
        <adlcp:dataFromLMS>eyJjcHYiOiJMT3U4MW4yTCIsInJsZCI6ZmFsc2V9</adlcp:dataFromLMS>
        <imsss:sequencing>
          <imsss:deliveryControls tracked="true" completionSetByContent="true" objectiveSetByContent="true"/>
        </imsss:sequencing>
      </item>
      <metadata>
        <adlcp:location>metadata.xml</adlcp:location>
      </metadata>
      <imsss:sequencing>
        <imsss:controlMode choice="true" flow="true"/>
        <imsss:deliveryControls tracked="true" completionSetByContent="false" objectiveSetByContent="false"/>
      </imsss:sequencing>
    </organization>
  </organizations>
  <resources>
    <resource identifier="r1" type="webcontent" adlcp:scormType="sco" href="scormdriver/indexAPI.html">
      <!-- SCORMDRIVER STUFF -->
      <file href="scormdriver/indexAPI.html" />
      <file href="scormdriver/preloadIntegrity.js" />
      <file href="scormdriver/driverOptions.js" />
      <file href="scormdriver/AICCComm.html" />
      <file href="scormdriver/auto-scripts/AutoBookmark.js" />
      <file href="scormdriver/auto-scripts/AutoCompleteSCO.js" />
      <file href="scormdriver/auto-scripts/CourseExit.js" />
      <file href="scormdriver/blank.html" />
      <file href="scormdriver/goodbye.html" />
      <file href="scormdriver/scormdriver.js" />
      <file href="scormdriver/browsersniff.js" />
      <file href="scormcontent/lib/main.bundle.js"/>

      <!-- RUNTIME COMMON STUFF -->
      <file href="scormcontent/index.html" />

      
        <file href="scormcontent/lib/fonts/icomoon.ttf"/>
        <file href="scormcontent/lib/fonts/icomoon.woff"/>

        <file href="scormcontent/lib/icomoon.css"/>
        <file href="scormcontent/lib/main.bundle.css"/>
        <file href="scormcontent/lib/player-0.0.11.min.js"/>
        <file href="scormcontent/lib/lzwcompress.js"/>
      

      <!-- RUNTIME CONTENT STUFF -->
      <file href="scormcontent/lib/fonts/Lato-Light.woff" />
<file href="scormcontent/lib/fonts/Lato-Regular.woff" />
<file href="scormcontent/lib/fonts/Lato-Bold.woff" />
<file href="scormcontent/lib/fonts/Lato-Italic.woff" />
<file href="scormcontent/lib/fonts/Lato-Black.woff" />
<file href="scormcontent/lib/fonts/Merriweather-Light.woff" />
<file href="scormcontent/lib/fonts/Merriweather-Regular.woff" />
<file href="scormcontent/lib/fonts/Merriweather-Bold.woff" />
<file href="scormcontent/lib/fonts/Merriweather-Italic.woff" />
<file href="scormcontent/lib/fonts/Merriweather-Black.woff" />
<file href="scormcontent/assets/IlU48l7siurW4wrN_small.png" />
<file href="scormcontent/assets/qI-YD-LtV9aier_X_fU2qUEkVZyo-nN3Q.jpg" />
<file href="scormcontent/assets/ImjkutPs71gaq0BI_transcoded-Y_eNx9wohLkvcAlh-PI-PesticideApplication-VO-01a-Welcome.mp3" />
<file href="scormcontent/assets/443ACcxKGGALWEzd_transcoded-zuNaUGe1R8jrtGoQ-PI-PesticideApplication-VO-01b-LearningObjectives.mp3" />
<file href="scormcontent/assets/MJ5JEX-hdUPnf2eI_QY9janxQQDAHOtG1.jpg" />
<file href="scormcontent/assets/90kYDkIYzXEQ5Bl9_transcoded-mhG7vBhSJG2QXX9L-PI-PesticideApplication-VO-05-ChoosingTheMethod.mp3" />
<file href="scormcontent/assets/ipreDQhRFWZH7tou_transcoded-dv9VqYmJsp9SdgIh-PI-PesticideApplication-VO-06-AVarietyOfChoices.mp3" />
<file href="scormcontent/assets/qYQ6nBQEEE2futwE_uGVrupNwKJD_VPQG.jpg" />
<file href="scormcontent/assets/CDtSjBtgKTPqCEI0__Q3TXfa_pt1uAd-s.jpg" />
<file href="scormcontent/assets/yl1Qx4Qy2M9dRgaN_sz2Pjx4QgGEvTeSx.jpg" />
<file href="scormcontent/assets/NaiS8Jet1IfukA-S_transcoded-4TJ2xB1ToDKyTI7R-PI-PesticideApplication-VO-07-SafetySystems.mp3" />
<file href="scormcontent/assets/soAaom1ORZeLenYn_N6EJ4VSZmh6mcL7j.jpg" />
<file href="scormcontent/assets/6eX0Qrfh9wAPouqx_NpQ-iZl-M_lGUMH8.jpg" />
<file href="scormcontent/assets/TfrS-hCwKQInGAYG_0JfAEwXVNfvvHABk.jpg" />
<file href="scormcontent/assets/f-j2UFUMweoDFyfg_transcoded-TSqyxEUJRuNGiLF0-PI-PesticideApplication-VO-08-ClosedSystems.mp3" />
<file href="scormcontent/assets/R0NijR3xKQebZhA1_transcoded-jHWx53Uhgcr543b0-PI-PesticideApplication-VO-09-MechanicalSystem.mp3" />
<file href="scormcontent/assets/OyNZTTrhh9Z4ArnW_2l3Zxjl5dl0sdIqY.jpg" />
<file href="scormcontent/assets/xz3XEutXyt2LRDYk_transcoded-v3pCuWvfdGZUZleE-PI-PesticideApplication-VO-10-WaterSolubleBags.mp3" />
<file href="scormcontent/assets/P79uMNqvwc_XgvrL_transcoded-yOULGEtJn5OTKLYU-PI-PesticideApplication-VO-12-EnclosedCabs.mp3" />
<file href="scormcontent/assets/sPCWjCjbL9big_qY_n7ZiBaXKjdfkW6j-.jpg" />
<file href="scormcontent/assets/wCHjwRFgntm4HpqK_transcoded-3WsGu_3k7wblt1hz-PI-PesticideApplication-VO-13-ContainmentPads.mp3" />
<file href="scormcontent/assets/KfrgQe1iRyy7ieVs_AHSzr7oDgWftxcfi.jpg" />
<file href="scormcontent/assets/CvjO246cxt6BYYZg_transcoded-nVPGOb0B8NylwSMQ-PI-PesticideApplication-VO-15-ApplicationDevices.mp3" />
<file href="scormcontent/assets/zuwVJnzbKVtm5JCh_transcoded-MXW5NX5JjheT4ZuR-PI-PesticideApplication-VO-16-SprayerApplications.mp3" />
<file href="scormcontent/assets/kDvVW-cw3hA1vvnq__ioPWtT_d1iopI7x.jpg" />
<file href="scormcontent/assets/tp4zYjqujEYNAMG-_zxBXpkuxyO0y-b4Y.jpg" />
<file href="scormcontent/assets/PMbIctT5lHhDUZa6_HnXATRgm0VXg_r4V.jpg" />
<file href="scormcontent/assets/TzolHljzb0g-J4Ej_qx73eYRn9b1Ul3mW.jpg" />
<file href="scormcontent/assets/bj5IT3dUGH2_WoFd_transcoded-RH2NHp_Qqj5s6Tvj-PI-PesticideApplication-VO-17-SprayerTank.mp3" />
<file href="scormcontent/assets/y82eZlqedBxRioSg_pr2Mc8kWtBMcBZTG.jpg" />
<file href="scormcontent/assets/Cwekd4E0HTMGkoi6_transcoded-8lMODRYjkm0hJXv9-PI-PesticideApplication-VO-18-Nozzles.mp3" />
<file href="scormcontent/assets/7dW39u461bz-1gxE_5AyR2_OivAw5U0gP.jpg" />
<file href="scormcontent/assets/4RP1-apa6PxGZvmu_pIdh9Lug4egD0fg2.jpg" />
<file href="scormcontent/assets/DpY5KVVI3Km08jnU_v2Zkj7WjhLBgIEzm.jpg" />
<file href="scormcontent/assets/-ydaBxtgYI0oXnDV_e6YFG1mD6Y4q_9f1.jpg" />
<file href="scormcontent/assets/Thace9ZDcysX9mmK_Q5InmtJNFkakqANs.jpg" />
<file href="scormcontent/assets/QzhDZn9y9lgE26sT_transcoded-v_QlNiMjyOZ6yiCH-PI-PesticideApplication-VO-19-GranularApplicators.mp3" />
<file href="scormcontent/assets/4ND9ZfN350pjFm5B_oiwmsOq5qGKXKz2j.jpg" />
<file href="scormcontent/assets/bQrA0xOSxCfJPoLJ_transcoded-sIae_sXy3RmkCiLQ-PI-PesticideApplication-VO-20-OtherApplicationEquipment.mp3" />
<file href="scormcontent/assets/Ez1G3IdthovkaEgT_b97F6KBCh9dE3ymK.jpg" />
<file href="scormcontent/assets/A8fIAqL8fgDmLjHy_transcoded-2FPvocr3ELPoSLtP-PI-PesticideApplication-VO-26-TheImportanceOfCalibration.mp3" />
<file href="scormcontent/assets/_iQzLZUZb5jagILj_transcoded-X3sSLfWicrV6P5FE-PI-PesticideApplication-VO-27-CalibrationTesting.mp3" />
<file href="scormcontent/assets/bTKNOqJk6_a2La5Y_BUfNH7UZwnPf0yjG.jpg" />
<file href="scormcontent/assets/yUBrbvzHWTHiThac_transcoded-9YEimo5XoK5o_XxB-PI-PesticideApplication-VO-28-ThreeVariables.mp3" />
<file href="scormcontent/assets/5_OrXB-VahWoDAK0_HDp8VQCeD6r42Fug.jpg" />
<file href="scormcontent/assets/qbEzLlp2LyV8y4hC_Y9e-J3D3lW-A6kMm.jpg" />
<file href="scormcontent/assets/DURkvjujBRREhNQC_OuPqH3e4b6exrmRz.jpg" />
<file href="scormcontent/assets/30tZjgWYZ2Mx-AHW_transcoded-0LAxcMNmPO5Byave-PI-PesticideApplication-VO-29-UnderstandingTheMath.mp3" />
<file href="scormcontent/assets/fHTJXmR7nEPoykT-_transcoded-T2mzOpxWHblSRMxl-PI-PesticideApplication-VO-30-SquareRectangle-Edit.mp3" />
<file href="scormcontent/assets/TH2PZpgXhq72cJpN_6DFF-NU40oxlJaes.png" />
<file href="scormcontent/assets/W8XwTlnffu1v-gC3_transcoded-1qCb1WLJzX0nwOLT-PI-PesticideApplication-VO-31-Triangle.mp3" />
<file href="scormcontent/assets/M1xKQoC0_4vlxxbz_kDemcHrpbtZZ67-7.png" />
<file href="scormcontent/assets/2TdJ2GlgTSqG9JX6_transcoded-SmpZsd28EdU1XXuF-PI-PesticideApplication-VO-32-Circle.mp3" />
<file href="scormcontent/assets/Eu1bB3s04kz_X52M_JrVepgfgu26r3N5V.png" />
<file href="scormcontent/assets/svRHXrglx0QNHudj_transcoded-OJOsI4L6aP0U6z3K-PI-PesticideApplication-VO-33-ProductPerAcre.mp3" />
<file href="scormcontent/assets/c4D4Fre44O5Mghen_vWnl8hCecb898TLD.png" />
<file href="scormcontent/assets/XNfJSq_YVHh03V4w_transcoded-4FAzA9saBKRsFKCY-PI-PesticideApplication-VO-34-SprayMixtureMath.mp3" />
<file href="scormcontent/assets/rXl41tZZp5sUQ8B-_transcoded-VUqs58A77qwJg-yx-PI-PesticideApplication-VO-35-CalculationFormulaReview.mp3" />
<file href="scormcontent/assets/G2NgsXcrKsY3b4pX_hNw3QNkcRIvp6kzj.jpg" />
<file href="scormcontent/assets/ILrFdPQaauUecvX5_transcoded-mZahJXjVtEIPS8tx-PI-PesticideApplication-VO-39-CausesOfDrift.mp3" />
<file href="scormcontent/assets/VLE-QRjE7jH_37ui_transcoded-NrFvcaPAgZb0IEeo-PI-PesticideApplication-VO-40-NozzleSelection.mp3" />
<file href="scormcontent/assets/XGSt2Gvw5RVnof5z_STsvmoqZr1BHq40c.jpg" />
<file href="scormcontent/assets/B6rr8_XyggWDY7ps_transcoded-AEY5G_ufNzWX3FoI-PI-PesticideApplication-VO-41-OperatingPressure.mp3" />
<file href="scormcontent/assets/PA1bmRHuvfzCzMft_LUa28Nn4IsaFowBa.jpg" />
<file href="scormcontent/assets/PwreI7ED3KWy_4Om_transcoded-RTEthUJ_pFaXwZSz-PI-PesticideApplication-VO-42-ElectronicRateController.mp3" />
<file href="scormcontent/assets/xzqCzF1RS0xMo7jR_transcoded-AZ5MEjYsR8FwgDD7-PI-PesticideApplication-VO-43-NozzleToTargetDistance.mp3" />
<file href="scormcontent/assets/zLXIA5EqYUjeFo4b_2Cv0Kr0DE_N4Xefi.jpg" />
<file href="scormcontent/assets/dHD3Qc4mSTmygnAb_transcoded-VXqDvwQESBlDxgOR-PI-PesticideApplication-VO-44-DriftControlAdditives.mp3" />
<file href="scormcontent/assets/jHYEE2qE8BHAlVcd_transcoded-fk0nzafL7GKiKODh-PI-PesticideApplication-VO-45-RecommendedDriftReductionTechniques.mp3" />
<file href="scormcontent/assets/9PPFS3gbkGU06oNj_xbbmAtB9jxy5BwjB.jpg" />
<file href="scormcontent/assets/vEc4XPgo-qV1yIMb_transcoded-Q4fVtt-1jvCQlMBY-PI-PesticideApplication-VO-46-Congrats.mp3" />
<file href="scormcontent/assets/6_p0GS3i5G8MpQJN_gsI_kufi1pZSHqOx.jpg" />

    </resource>
  </resources>
</manifest>
